unsigned char yoc_bin[] = {
  0x31, 0xa0, 0x01, 0x00, 0x43, 0x53, 0x4b, 0x59, 0x43, 0x53, 0x4b, 0x59,
  0x97, 0x01, 0x00, 0xf0, 0x93, 0x81, 0x01, 0x00, 0x17, 0x05, 0x00, 0x00,
  0x13, 0x05, 0xc5, 0x3a, 0x13, 0x65, 0x35, 0x00, 0x73, 0x10, 0x55, 0x30,
  0x17, 0x05, 0x00, 0x00, 0x13, 0x05, 0xc5, 0x05, 0x73, 0x10, 0x75, 0x30,
  0x17, 0x11, 0x00, 0xf0, 0x13, 0x01, 0x01, 0x2d, 0x73, 0x10, 0x01, 0x34,
  0x17, 0x21, 0x00, 0xf0, 0x13, 0x01, 0x41, 0x2c, 0xef, 0x10, 0x90, 0x13,
  0xef, 0x10, 0xf0, 0x6c, 0x01, 0xa0, 0x00, 0x00, 0x00, 0x00, 0x00, 0x00,
  0x00, 0x00, 0x00, 0x00, 0x00, 0x00, 0x00, 0x00, 0x00, 0x00, 0x00, 0x00,
  0x00, 0x00, 0x00, 0x00, 0x00, 0x00, 0x00, 0x00, 0x00, 0x00, 0x00, 0x00,
  0x00, 0x00, 0x00, 0x00, 0x00, 0x00, 0x00, 0x00, 0x00, 0x00, 0x00, 0x00,
  0x00, 0x00, 0x00, 0x00, 0x00, 0x00, 0x00, 0x00, 0xc0, 0x03, 0x00, 0x30,
  0xc0, 0x03, 0x00, 0x30, 0xc0, 0x03, 0x00, 0x30, 0xc0, 0x03, 0x00, 0x30,
  0xc0, 0x03, 0x00, 0x30, 0xc0, 0x03, 0x00, 0x30, 0xc0, 0x03, 0x00, 0x30,
  0xc0, 0x01, 0x00, 0x30, 0xc0, 0x03, 0x00, 0x30, 0xc0, 0x03, 0x00, 0x30,
  0xc0, 0x03, 0x00, 0x30, 0xc0, 0x03, 0x00, 0x30, 0xc0, 0x03, 0x00, 0x30,
  0xc0, 0x03, 0x00, 0x30, 0xc0, 0x03, 0x00, 0x30, 0xc0, 0x03, 0x00, 0x30,
  0xc0, 0x01, 0x00, 0x30, 0xc0, 0x01, 0x00, 0x30, 0xc0, 0x01, 0x00, 0x30,
  0xc0, 0x01, 0x00, 0x30, 0xc0, 0x01, 0x00, 0x30, 0xc0, 0x01, 0x00, 0x30,
  0xc0, 0x01, 0x00, 0x30, 0xc0, 0x01, 0x00, 0x30, 0xc0, 0x01, 0x00, 0x30,
  0xc0, 0x01, 0x00, 0x30, 0xc0, 0x01, 0x00, 0x30, 0xc0, 0x01, 0x00, 0x30,
  0xc0, 0x01, 0x00, 0x30, 0xc0, 0x01, 0x00, 0x30, 0xc0, 0x01, 0x00, 0x30,
  0xc0, 0x01, 0x00, 0x30, 0xc0, 0x01, 0x00, 0x30, 0xc0, 0x01, 0x00, 0x30,
  0xc0, 0x01, 0x00, 0x30, 0xc0, 0x01, 0x00, 0x30, 0xc0, 0x01, 0x00, 0x30,
  0xc0, 0x01, 0x00, 0x30, 0xc0, 0x01, 0x00, 0x30, 0xc0, 0x01, 0x00, 0x30,
  0xc0, 0x01, 0x00, 0x30, 0xc0, 0x01, 0x00, 0x30, 0xc0, 0x01, 0x00, 0x30,
  0xc0, 0x01, 0x00, 0x30, 0xc0, 0x01, 0x00, 0x30, 0xc0, 0x01, 0x00, 0x30,
  0xc0, 0x01, 0x00, 0x30, 0xc0, 0x01, 0x00, 0x30, 0xc0, 0x01, 0x00, 0x30,
  0xc0, 0x01, 0x00, 0x30, 0xc0, 0x01, 0x00, 0x30, 0xc0, 0x01, 0x00, 0x30,
  0xc0, 0x01, 0x00, 0x30, 0xc0, 0x01, 0x00, 0x30, 0xc0, 0x01, 0x00, 0x30,
  0xc0, 0x01, 0x00, 0x30, 0xc0, 0x01, 0x00, 0x30, 0xc0, 0x01, 0x00, 0x30,
  0xc0, 0x01, 0x00, 0x30, 0xc0, 0x01, 0x00, 0x30, 0xc0, 0x01, 0x00, 0x30,
  0xc0, 0x01, 0x00, 0x30, 0xc0, 0x01, 0x00, 0x30, 0xc0, 0x01, 0x00, 0x30,
  0xc0, 0x01, 0x00, 0x30, 0xc0, 0x01, 0x00, 0x30, 0xc0, 0x01, 0x00, 0x30,
  0xc0, 0x01, 0x00, 0x30, 0xc0, 0x01, 0x00, 0x30, 0xc0, 0x01, 0x00, 0x30,
  0xc0, 0x01, 0x00, 0x30, 0xc0, 0x01, 0x00, 0x30, 0xc0, 0x01, 0x00, 0x30,
  0xc0, 0x01, 0x00, 0x30, 0xc0, 0x01, 0x00, 0x30, 0xc0, 0x01, 0x00, 0x30,
  0xc0, 0x01, 0x00, 0x30, 0xc0, 0x01, 0x00, 0x30, 0xc0, 0x01, 0x00, 0x30,
  0xc0, 0x01, 0x00, 0x30, 0x61, 0x11, 0x16, 0xc0, 0x1a, 0xc2, 0x93, 0x82,
  0x41, 0x15, 0x03, 0xa3, 0x02, 0x00, 0x05, 0x03, 0x23, 0xa0, 0x62, 0x00,
  0x99, 0x42, 0x63, 0xd4, 0x62, 0x00, 0x6f, 0x00, 0x60, 0x1e, 0x7d, 0x13,
  0x93, 0x82, 0x81, 0x15, 0x0a, 0x03, 0x9a, 0x92, 0x73, 0x23, 0x20, 0x34,
  0x23, 0xa0, 0x62, 0x00, 0x93, 0x82, 0x41, 0x15, 0x03, 0xa3, 0x02, 0x00,
  0x85, 0x42, 0x63, 0xc9, 0x62, 0x00, 0x73, 0x10, 0x01, 0x34, 0x17, 0x11,
  0x00, 0xf0, 0x13, 0x01, 0xe1, 0x0f, 0x21, 0xa0, 0x82, 0x42, 0x12, 0x43,
  0x21, 0x01, 0x13, 0x01, 0x41, 0xfb, 0x16, 0xc2, 0x1a, 0xc4, 0xf3, 0x22,
  0x10, 0x34, 0x73, 0x23, 0x20, 0x34, 0x9a, 0xc0, 0x96, 0xc2, 0x73, 0x23,
  0x00, 0x30, 0x9a, 0xc4, 0x73, 0x60, 0x04, 0x30, 0x06, 0xc0, 0x1e, 0xc6,
  0x2a, 0xc8, 0x2e, 0xca, 0x32, 0xcc, 0x36, 0xce, 0x3a, 0xd0, 0x3e, 0xd2,
  0x42, 0xd4, 0x46, 0xd6, 0x72, 0xd8, 0x76, 0xda, 0x7a, 0xdc, 0x7e, 0xde,
  0x1a, 0x8e, 0x09, 0xa0, 0x97, 0x22, 0x00, 0x00, 0x93, 0x82, 0x42, 0xbc,
  0x82, 0x92, 0x73, 0x70, 0x04, 0x30, 0x93, 0x02, 0x01, 0x04, 0x83, 0xa5,
  0x02, 0x00, 0x13, 0xf5, 0xf5, 0x3f, 0x0a, 0x05, 0x37, 0x16, 0x80, 0xe0,
  0x2a, 0x96, 0x83, 0x06, 0x06, 0x00, 0x05, 0x47, 0x13, 0x47, 0xf7, 0xff,
  0xb3, 0x77, 0xd7, 0x00, 0x23, 0x00, 0xf6, 0x00, 0x93, 0x82, 0x41, 0x15,
  0x03, 0xa3, 0x02, 0x00, 0x7d, 0x13, 0x23, 0xa0, 0x62, 0x00, 0x63, 0x49,
  0x60, 0x04, 0x01, 0x43, 0x13, 0x03, 0x83, 0x04, 0x0a, 0x93, 0x03, 0x2e,
  0x03, 0x00, 0x73, 0x10, 0x0e, 0x30, 0x73, 0x90, 0x25, 0x34, 0x09, 0xa0,
  0x96, 0x42, 0x73, 0x90, 0x12, 0x34, 0x82, 0x40, 0x92, 0x42, 0x22, 0x43,
  0xb2, 0x43, 0x42, 0x45, 0xd2, 0x45, 0x62, 0x46, 0xf2, 0x46, 0x02, 0x57,
  0x92, 0x57, 0x22, 0x58, 0xb2, 0x58, 0x42, 0x5e, 0xd2, 0x5e, 0x62, 0x5f,
  0xf2, 0x5f, 0x13, 0x01, 0xc1, 0x04, 0x73, 0x21, 0x00, 0x34, 0x82, 0x42,
  0x12, 0x43, 0x21, 0x01, 0x73, 0x00, 0x20, 0x30, 0x7d, 0x13, 0x93, 0x82,
  0x81, 0x15, 0x0a, 0x03, 0x16, 0x93, 0x83, 0x22, 0x03, 0x00, 0x93, 0xf2,
  0xf2, 0x3f, 0x13, 0xf5, 0x05, 0xc0, 0xb3, 0x62, 0x55, 0x00, 0x73, 0x90,
  0x22, 0x34, 0x01, 0x43, 0x13, 0x03, 0x83, 0x04, 0x0a, 0x93, 0x03, 0x2e,
  0x03, 0x00, 0x73, 0x10, 0x0e, 0x30, 0x09, 0xa0, 0x96, 0x42, 0x73, 0x90,
  0x12, 0x34, 0x82, 0x40, 0x92, 0x42, 0x22, 0x43, 0xb2, 0x43, 0x42, 0x45,
  0xd2, 0x45, 0x62, 0x46, 0xf2, 0x46, 0x02, 0x57, 0x92, 0x57, 0x22, 0x58,
  0xb2, 0x58, 0x42, 0x5e, 0xd2, 0x5e, 0x62, 0x5f, 0xf2, 0x5f, 0x13, 0x01,
  0xc1, 0x04, 0x73, 0x00, 0x20, 0x30, 0x01, 0x00, 0x73, 0x10, 0x01, 0x34,
  0x17, 0x31, 0x00, 0xf0, 0x13, 0x01, 0x81, 0xfb, 0x13, 0x01, 0x41, 0xf7,
  0x06, 0xc0, 0x0e, 0xc4, 0x12, 0xc6, 0x16, 0xc8, 0x1a, 0xca, 0x1e, 0xcc,
  0x22, 0xce, 0x26, 0xd0, 0x2a, 0xd2, 0x2e, 0xd4, 0x32, 0xd6, 0x36, 0xd8,
  0x3a, 0xda, 0x3e, 0xdc, 0x42, 0xde, 0xc6, 0xc0, 0xca, 0xc2, 0xce, 0xc4,
  0xd2, 0xc6, 0xd6, 0xc8, 0xda, 0xca, 0xde, 0xcc, 0xe2, 0xce, 0xe6, 0xd0,
  0xea, 0xd2, 0xee, 0xd4, 0xf2, 0xd6, 0xf6, 0xd8, 0xfa, 0xda, 0xfe, 0xdc,
  0x73, 0x25, 0x10, 0x34, 0xaa, 0xde, 0x73, 0x25, 0x00, 0x30, 0x2a, 0xc1,
  0x73, 0x25, 0x20, 0x34, 0x2a, 0xc3, 0x73, 0x25, 0x30, 0x34, 0x2a, 0xc5,
  0x73, 0x25, 0x00, 0x34, 0x2a, 0xc2, 0x0a, 0x85, 0x97, 0x15, 0x00, 0x00,
  0x93, 0x85, 0xc5, 0x76, 0x82, 0x95, 0x13, 0x00, 0x00, 0x00, 0x01, 0x00,
  0x61, 0x11, 0x16, 0xc0, 0x1a, 0xc2, 0xf3, 0x22, 0x20, 0x34, 0x93, 0xf2,
  0xf2, 0x3f, 0x61, 0x43, 0x63, 0x86, 0x62, 0x00, 0x82, 0x42, 0x12, 0x43,
  0x21, 0x01, 0xad, 0xb7, 0x71, 0x11, 0xf3, 0x22, 0x00, 0x34, 0x16, 0xc0,
  0x73, 0x10, 0x01, 0x34, 0x17, 0x31, 0x00, 0xf0, 0x13, 0x01, 0x81, 0xf1,
  0x13, 0x01, 0x41, 0xfb, 0x16, 0xc2, 0x1a, 0xc4, 0xf3, 0x22, 0x10, 0x34,
  0x73, 0x23, 0x20, 0x34, 0x9a, 0xc0, 0x96, 0xc2, 0x73, 0x23, 0x00, 0x30,
  0x9a, 0xc4, 0x06, 0xc0, 0x1e, 0xc6, 0x2a, 0xc8, 0x2e, 0xca, 0x32, 0xcc,
  0x36, 0xce, 0x3a, 0xd0, 0x3e, 0xd2, 0x42, 0xd4, 0x46, 0xd6, 0x72, 0xd8,
  0x76, 0xda, 0x7a, 0xdc, 0x7e, 0xde, 0x1a, 0x8e, 0x09, 0xa0, 0x97, 0x22,
  0x00, 0x00, 0x93, 0x82, 0xe2, 0x9d, 0x82, 0x92, 0x93, 0x02, 0x01, 0x04,
  0x83, 0xa5, 0x02, 0x00, 0x13, 0xf5, 0xf5, 0x3f, 0x0a, 0x05, 0x37, 0x16,
  0x80, 0xe0, 0x2a, 0x96, 0x83, 0x06, 0x06, 0x00, 0x05, 0x47, 0x13, 0x47,
  0xf7, 0xff, 0xb3, 0x77, 0xd7, 0x00, 0x23, 0x00, 0xf6, 0x00, 0x01, 0x43,
  0x13, 0x03, 0x83, 0x04, 0x0a, 0x93, 0x03, 0x2e, 0x03, 0x00, 0x73, 0x10,
  0x0e, 0x30, 0x73, 0x90, 0x25, 0x34, 0x09, 0xa0, 0x96, 0x42, 0x73, 0x90,
  0x12, 0x34, 0xa6, 0x42, 0x73, 0x90, 0x02, 0x30, 0x82, 0x40, 0x92, 0x42,
  0x22, 0x43, 0xb2, 0x43, 0x42, 0x45, 0xd2, 0x45, 0x62, 0x46, 0xf2, 0x46,
  0x02, 0x57, 0x92, 0x57, 0x22, 0x58, 0xb2, 0x58, 0x42, 0x5e, 0xd2, 0x5e,
  0x62, 0x5f, 0xf2, 0x5f, 0x13, 0x01, 0xc1, 0x04, 0x73, 0x21, 0x00, 0x34,
  0x82, 0x42, 0x73, 0x90, 0x02, 0x34, 0x11, 0x01, 0x82, 0x42, 0x12, 0x43,
  0x21, 0x01, 0x73, 0x00, 0x20, 0x30, 0x00, 0x00, 0x00, 0x00, 0x00, 0x00,
  0x00, 0x00, 0x00, 0x00, 0x00, 0x00, 0x00, 0x00, 0x00, 0x00, 0x00, 0x00,
  0x00, 0x00, 0x00, 0x00, 0x00, 0x00, 0x00, 0x00, 0x00, 0x00, 0x00, 0x00,
  0x00, 0x00, 0x00, 0x00, 0x00, 0x00, 0x00, 0x00, 0x00, 0x00, 0x00, 0x00,
  0x00, 0x00, 0x00, 0x00, 0x00, 0x00, 0x00, 0x00, 0x00, 0x00, 0x00, 0x00,
  0x00, 0x00, 0x00, 0x00, 0x00, 0x00, 0x41, 0x11, 0x22, 0xc4, 0x26, 0xc2,
  0x06, 0xc6, 0x17, 0x44, 0x00, 0x00, 0x13, 0x04, 0x24, 0x12, 0x97, 0x44,
  0x00, 0x00, 0x93, 0x84, 0xa4, 0x11, 0x71, 0x14, 0x63, 0x77, 0x94, 0x00,
  0xb2, 0x40, 0x22, 0x44, 0x92, 0x44, 0x41, 0x01, 0x82, 0x80, 0x1c, 0x40,
  0x82, 0x97, 0xf5, 0xb7, 0x41, 0x11, 0x22, 0xc4, 0x26, 0xc2, 0x06, 0xc6,
  0x17, 0x44, 0x00, 0x00, 0x13, 0x04, 0x44, 0x0f, 0x97, 0x44, 0x00, 0x00,
  0x93, 0x84, 0xc4, 0x0e, 0x63, 0x67, 0x94, 0x00, 0xb2, 0x40, 0x22, 0x44,
  0x92, 0x44, 0x41, 0x01, 0x82, 0x80, 0x8b, 0x47, 0x44, 0x58, 0x82, 0x97,
  0xf5, 0xb7, 0x41, 0x11, 0x06, 0xc6, 0x06, 0x86, 0xb2, 0x40, 0xaa, 0x85,
  0x13, 0x85, 0x41, 0x00, 0x41, 0x01, 0x6f, 0x10, 0x20, 0x32, 0x41, 0x11,
  0x06, 0xc6, 0x06, 0x86, 0xb2, 0x40, 0xaa, 0x85, 0x13, 0x85, 0x41, 0x00,
  0x41, 0x01, 0x6f, 0x10, 0xa0, 0x16, 0x82, 0x80, 0x79, 0x71, 0x26, 0xd2,
  0x4a, 0xd0, 0x4e, 0xce, 0x52, 0xcc, 0x56, 0xca, 0x5a, 0xc8, 0x5e, 0xc6,
  0x62, 0xc4, 0xbe, 0x84, 0x06, 0xd6, 0x22, 0xd4, 0x66, 0xc2, 0x93, 0xf7,
  0x38, 0x00, 0x2a, 0x8a, 0xae, 0x8a, 0x32, 0x89, 0x36, 0x8b, 0xba, 0x8b,
  0xc2, 0x89, 0x46, 0x8c, 0xa1, 0xcf, 0x32, 0x84, 0x26, 0x94, 0x22, 0x85,
  0x33, 0x06, 0x94, 0x40, 0xb1, 0xe8, 0x13, 0x7c, 0x2c, 0x00, 0x33, 0x04,
  0x24, 0x41, 0x63, 0x13, 0x0c, 0x06, 0xb2, 0x50, 0x22, 0x54, 0x92, 0x54,
  0x02, 0x59, 0xf2, 0x49, 0x62, 0x4a, 0xd2, 0x4a, 0x42, 0x4b, 0xb2, 0x4b,
  0x22, 0x4c, 0x92, 0x4c, 0x45, 0x61, 0x82, 0x80, 0xda, 0x86, 0xd6, 0x85,
  0x13, 0x05, 0x00, 0x02, 0x02, 0x9a, 0x05, 0x04, 0x33, 0x06, 0x94, 0x01,
  0xe3, 0x68, 0x34, 0xff, 0x33, 0x84, 0x99, 0x40, 0xb3, 0xb7, 0x99, 0x00,
  0x0b, 0x14, 0xf0, 0x42, 0x4a, 0x94, 0x7d, 0xb7, 0x26, 0x84, 0xb3, 0x0c,
  0x96, 0x40, 0xcd, 0xb7, 0xfd, 0x14, 0x0b, 0xc5, 0x9b, 0x80, 0xda, 0x86,
  0xd6, 0x85, 0x02, 0x9a, 0x69, 0xbf, 0x2a, 0x86, 0xda, 0x86, 0xd6, 0x85,
  0x13, 0x05, 0x00, 0x02, 0x02, 0x9a, 0x05, 0x04, 0x33, 0x05, 0x89, 0x00,
  0xe3, 0x67, 0x34, 0xff, 0x59, 0xbf, 0x46, 0x83, 0xa2, 0x48, 0x42, 0x8e,
  0x82, 0x4e, 0x13, 0xff, 0x28, 0x00, 0x12, 0x48, 0x63, 0x15, 0x0f, 0x04,
  0x13, 0xff, 0x18, 0x00, 0x63, 0x0b, 0x08, 0x00, 0x63, 0x09, 0x0f, 0x00,
  0x63, 0x16, 0x0e, 0x00, 0x93, 0xff, 0xc8, 0x00, 0x63, 0x83, 0x0f, 0x00,
  0x7d, 0x18, 0x93, 0x0f, 0x00, 0x02, 0x93, 0x02, 0x00, 0x03, 0x21, 0xa0,
  0x8b, 0x52, 0xf7, 0x00, 0x85, 0x07, 0x63, 0xf4, 0xd7, 0x01, 0xe3, 0x9b,
  0xf7, 0xff, 0x63, 0x0a, 0x0f, 0x00, 0x13, 0x0f, 0x00, 0x02, 0x93, 0x0f,
  0x00, 0x03, 0x63, 0xf4, 0x07, 0x01, 0x63, 0x9d, 0xe7, 0x03, 0x13, 0xff,
  0x08, 0x01, 0x63, 0x0e, 0x0f, 0x06, 0x13, 0xff, 0x08, 0x40, 0x63, 0x1a,
  0x0f, 0x02, 0x63, 0x88, 0x07, 0x02, 0x63, 0x84, 0xd7, 0x01, 0x63, 0x94,
  0x07, 0x03, 0x93, 0x8e, 0xf7, 0xff, 0x63, 0x8f, 0x0e, 0x00, 0x41, 0x4f,
  0xf9, 0x17, 0x63, 0x0f, 0xe3, 0x01, 0x89, 0x47, 0x63, 0x0f, 0xf3, 0x06,
  0xf6, 0x87, 0x89, 0xa0, 0x8b, 0x5f, 0xf7, 0x00, 0x85, 0x07, 0x75, 0xbf,
  0x81, 0x47, 0xc1, 0x4e, 0x63, 0x1b, 0xd3, 0x05, 0x13, 0xf3, 0x08, 0x02,
  0x93, 0x0e, 0x00, 0x02, 0x63, 0x19, 0x03, 0x00, 0x13, 0x03, 0x80, 0x07,
  0x63, 0x99, 0xd7, 0x01, 0x93, 0x07, 0x00, 0x02, 0x61, 0xbd, 0xe3, 0x8d,
  0xd7, 0xff, 0x13, 0x03, 0x80, 0x05, 0x0b, 0x53, 0xf7, 0x00, 0x85, 0x07,
  0x13, 0x03, 0x00, 0x02, 0xe3, 0x84, 0x67, 0xfe, 0x13, 0x03, 0x00, 0x03,
  0x0b, 0x53, 0xf7, 0x00, 0x85, 0x07, 0x13, 0x03, 0x00, 0x02, 0xe3, 0x8b,
  0x67, 0xfc, 0x63, 0x04, 0x0e, 0x02, 0x13, 0x03, 0xd0, 0x02, 0x0b, 0x53,
  0xf7, 0x00, 0x85, 0x07, 0xe1, 0xb7, 0x89, 0x4e, 0xe3, 0x1a, 0xd3, 0xfd,
  0x13, 0x03, 0x00, 0x02, 0xe3, 0x8c, 0x67, 0xfa, 0x13, 0x03, 0x20, 0x06,
  0x7d, 0xbf, 0xf6, 0x87, 0xe5, 0xbf, 0x13, 0xfe, 0x48, 0x00, 0x63, 0x05,
  0x0e, 0x00, 0x13, 0x03, 0xb0, 0x02, 0xd1, 0xbf, 0x13, 0xfe, 0x88, 0x00,
  0xe3, 0x0e, 0x0e, 0xf8, 0xe9, 0xb7, 0x39, 0x71, 0x96, 0x4e, 0x3a, 0x83,
  0x06, 0xde, 0x13, 0xf7, 0xfe, 0xfe, 0x8b, 0x1e, 0x67, 0x40, 0x22, 0xdc,
  0x26, 0xda, 0x13, 0xfe, 0x0e, 0x40, 0x18, 0x08, 0x63, 0x04, 0x0e, 0x00,
  0x63, 0x0a, 0x03, 0x04, 0x93, 0x0f, 0x10, 0x06, 0x13, 0xfe, 0x0e, 0x02,
  0x13, 0x0f, 0x10, 0x04, 0x0b, 0x9f, 0xcf, 0x41, 0xa5, 0x44, 0x9a, 0x8f,
  0x59, 0x1f, 0x01, 0x43, 0x13, 0x04, 0x00, 0x02, 0xb3, 0xf2, 0x0f, 0x03,
  0x05, 0x03, 0x13, 0xfe, 0xf2, 0x0f, 0x93, 0x03, 0x0e, 0x03, 0x7a, 0x9e,
  0xb3, 0xb2, 0x54, 0x00, 0x93, 0xf3, 0xf3, 0x0f, 0x13, 0x7e, 0xfe, 0x0f,
  0x0b, 0x9e, 0x53, 0x40, 0xb3, 0x02, 0x67, 0x00, 0xa3, 0x8f, 0xc2, 0xff,
  0x33, 0xde, 0x0f, 0x03, 0x63, 0xe4, 0x0f, 0x01, 0x63, 0x1f, 0x83, 0x00,
  0x06, 0x4e, 0x46, 0xc0, 0x76, 0xc4, 0x72, 0xc2, 0xc2, 0x88, 0x3e, 0x88,
  0x9a, 0x87, 0x85, 0x35, 0xf2, 0x50, 0x62, 0x54, 0xd2, 0x54, 0x21, 0x61,
  0x82, 0x80, 0xf2, 0x8f, 0x45, 0xbf, 0x75, 0x71, 0xd2, 0xd4, 0x7a, 0x4a,
  0xa6, 0xda, 0xde, 0xce, 0xba, 0x84, 0xb6, 0x8b, 0x5d, 0x8f, 0x93, 0x76,
  0xfa, 0xfe, 0x0b, 0x9a, 0xe6, 0x40, 0xa2, 0xdc, 0xce, 0xd6, 0xda, 0xd0,
  0xe6, 0xca, 0xea, 0xc8, 0x86, 0xde, 0xca, 0xd8, 0xd6, 0xd2, 0xe2, 0xcc,
  0xee, 0xc6, 0x2a, 0xca, 0x2e, 0xcc, 0x93, 0x76, 0x0a, 0x40, 0xca, 0x49,
  0x32, 0x8b, 0x3e, 0x84, 0x46, 0x8d, 0x93, 0x0c, 0x01, 0x02, 0x99, 0xc2,
  0x81, 0x4d, 0x3d, 0xc7, 0x13, 0x77, 0x0a, 0x02, 0x13, 0x09, 0x10, 0x04,
  0x93, 0x06, 0x10, 0x06, 0x0b, 0x99, 0xe6, 0x40, 0x81, 0x4d, 0x25, 0x4c,
  0x59, 0x19, 0x93, 0x0a, 0x00, 0x02, 0x6a, 0x86, 0xce, 0x86, 0x26, 0x85,
  0xa2, 0x85, 0x42, 0xce, 0xef, 0x10, 0xd0, 0x4b, 0x13, 0x73, 0xf5, 0x0f,
  0x93, 0x06, 0x03, 0x03, 0x33, 0x07, 0x23, 0x01, 0x93, 0xf6, 0xf6, 0x0f,
  0x33, 0x33, 0x6c, 0x00, 0x13, 0x77, 0xf7, 0x0f, 0x85, 0x0d, 0x0b, 0x97,
  0x66, 0x40, 0xb3, 0x86, 0xbc, 0x01, 0xa3, 0x8f, 0xe6, 0xfe, 0x6a, 0x86,
  0xce, 0x86, 0x26, 0x85, 0xa2, 0x85, 0xef, 0x10, 0x10, 0x13, 0x72, 0x48,
  0x63, 0x68, 0x34, 0x01, 0x63, 0x94, 0x89, 0x00, 0x63, 0xe4, 0xa4, 0x01,
  0x63, 0x9e, 0x5d, 0x03, 0xea, 0x47, 0xe2, 0x45, 0x52, 0x45, 0x3e, 0xc2,
  0xda, 0x47, 0x52, 0xc4, 0xea, 0x88, 0x3e, 0xc0, 0x66, 0x87, 0xee, 0x87,
  0xde, 0x86, 0x5a, 0x86, 0x59, 0x33, 0xf6, 0x50, 0x66, 0x54, 0xd6, 0x54,
  0x46, 0x59, 0xb6, 0x59, 0x26, 0x5a, 0x96, 0x5a, 0x06, 0x5b, 0xf6, 0x4b,
  0x66, 0x4c, 0xd6, 0x4c, 0x46, 0x4d, 0xb6, 0x4d, 0x49, 0x61, 0x82, 0x80,
  0xaa, 0x84, 0x2e, 0x84, 0x8d, 0xbf, 0x19, 0x71, 0xea, 0xc8, 0x2a, 0xcc,
  0x2e, 0xce, 0x32, 0x8d, 0x36, 0xd4, 0x3a, 0x86, 0xbe, 0x86, 0x3a, 0x85,
  0xbe, 0x85, 0xa6, 0xda, 0xce, 0xd6, 0xd2, 0xd4, 0xd6, 0xd2, 0xe6, 0xca,
  0x86, 0xde, 0xa2, 0xdc, 0xca, 0xd8, 0xda, 0xd0, 0xde, 0xce, 0xe2, 0xcc,
  0xee, 0xc6, 0x8a, 0x4a, 0xba, 0x84, 0x3e, 0x8a, 0xc2, 0x89, 0xc6, 0x8c,
  0xef, 0x20, 0xb0, 0x20, 0x0d, 0xe9, 0x97, 0x47, 0x00, 0x00, 0x93, 0x87,
  0xa7, 0xaf, 0x90, 0x43, 0xd4, 0x43, 0x26, 0x85, 0xd2, 0x85, 0xef, 0x20,
  0x10, 0x26, 0x63, 0x4e, 0xa0, 0x00, 0x97, 0x47, 0x00, 0x00, 0x93, 0x87,
  0xa7, 0xae, 0x90, 0x43, 0xd4, 0x43, 0x26, 0x85, 0xd2, 0x85, 0xef, 0x20,
  0xb0, 0x2e, 0x63, 0x5a, 0x05, 0x02, 0x66, 0x54, 0x56, 0xc1, 0xa2, 0x56,
  0xf2, 0x45, 0x62, 0x45, 0xf6, 0x50, 0x46, 0x59, 0x96, 0x5a, 0x06, 0x5b,
  0xf6, 0x4b, 0x66, 0x4c, 0xb6, 0x4d, 0xe6, 0x88, 0x4e, 0x88, 0xd6, 0x4c,
  0xb6, 0x59, 0x26, 0x87, 0xd2, 0x87, 0xd6, 0x54, 0x26, 0x5a, 0x6a, 0x86,
  0x46, 0x4d, 0x09, 0x61, 0xb5, 0xa6, 0x01, 0x46, 0x81, 0x46, 0x26, 0x85,
  0xd2, 0x85, 0xef, 0x20, 0xb0, 0x2a, 0x26, 0x8c, 0x52, 0x84, 0x63, 0x56,
  0x05, 0x00, 0x37, 0x04, 0x00, 0x80, 0x33, 0x44, 0x8a, 0x00, 0x0b, 0x35,
  0x44, 0x79, 0x99, 0x47, 0x93, 0xfb, 0x0a, 0x40, 0x13, 0x05, 0x15, 0xc0,
  0x8b, 0x99, 0x77, 0x41, 0xef, 0x30, 0x60, 0x60, 0x97, 0x47, 0x00, 0x00,
  0x93, 0x87, 0x87, 0xa7, 0x90, 0x43, 0xd4, 0x43, 0xef, 0x20, 0x70, 0x31,
  0x97, 0x47, 0x00, 0x00, 0x93, 0x87, 0x07, 0xa7, 0x90, 0x43, 0xd4, 0x43,
  0xef, 0x10, 0xf0, 0x66, 0x97, 0x47, 0x00, 0x00, 0x93, 0x87, 0x87, 0xa6,
  0x0b, 0x37, 0x04, 0x4c, 0x90, 0x43, 0xd4, 0x43, 0xb7, 0x07, 0xf0, 0x3f,
  0xd9, 0x8f, 0xaa, 0x8d, 0x2e, 0x89, 0x26, 0x85, 0xbe, 0x85, 0xef, 0x20,
  0x90, 0x72, 0x97, 0x47, 0x00, 0x00, 0x93, 0x87, 0xe7, 0xa4, 0x90, 0x43,
  0xd4, 0x43, 0xef, 0x20, 0x50, 0x2d, 0x2a, 0x86, 0xae, 0x86, 0x6e, 0x85,
  0xca, 0x85, 0xef, 0x10, 0x10, 0x63, 0xef, 0x30, 0xe0, 0x4d, 0x2a, 0x89,
  0xef, 0x30, 0xe0, 0x59, 0x17, 0x47, 0x00, 0x00, 0x13, 0x07, 0x07, 0xa3,
  0x10, 0x43, 0x54, 0x43, 0x2a, 0x8b, 0xae, 0x8d, 0xef, 0x20, 0xb0, 0x2a,
  0x17, 0x47, 0x00, 0x00, 0x13, 0x07, 0x47, 0xa2, 0x10, 0x43, 0x54, 0x43,
  0xef, 0x10, 0x30, 0x60, 0xef, 0x30, 0x00, 0x4b, 0x17, 0x47, 0x00, 0x00,
  0x13, 0x07, 0x87, 0xa1, 0x10, 0x43, 0x54, 0x43, 0x2a, 0xd0, 0xee, 0x85,
  0x5a, 0x85, 0xef, 0x20, 0x10, 0x28, 0x2a, 0x8b, 0x02, 0x55, 0xae, 0x8d,
  0xef, 0x30, 0x60, 0x55, 0x17, 0x47, 0x00, 0x00, 0x13, 0x07, 0x07, 0xa0,
  0x10, 0x43, 0x54, 0x43, 0xef, 0x20, 0x70, 0x26, 0x2a, 0x86, 0xae, 0x86,
  0x5a, 0x85, 0xee, 0x85, 0xef, 0x20, 0xf0, 0x69, 0x2a, 0x86, 0xae, 0x86,
  0x2a, 0xd8, 0x2e, 0xd6, 0xef, 0x20, 0xf0, 0x24, 0x42, 0x57, 0xb2, 0x57,
  0xaa, 0x8d, 0x3a, 0x86, 0xbe, 0x86, 0x3a, 0x85, 0x2e, 0x8b, 0xbe, 0x85,
  0x3a, 0xde, 0x3e, 0xdc, 0xef, 0x10, 0xf0, 0x59, 0x97, 0x46, 0x00, 0x00,
  0x93, 0x86, 0x86, 0x9c, 0x90, 0x42, 0xd4, 0x42, 0x2a, 0xda, 0x2e, 0xd8,
  0x6e, 0x85, 0xda, 0x85, 0xef, 0x20, 0xa0, 0x34, 0x17, 0x48, 0x00, 0x00,
  0x13, 0x08, 0x88, 0x9b, 0x03, 0x26, 0x08, 0x00, 0x83, 0x26, 0x48, 0x00,
  0xef, 0x10, 0x30, 0x57, 0x2a, 0x86, 0xae, 0x86, 0x6e, 0x85, 0xda, 0x85,
  0xef, 0x20, 0xa0, 0x32, 0x97, 0x46, 0x00, 0x00, 0x93, 0x86, 0x06, 0x9a,
  0x90, 0x42, 0xd4, 0x42, 0xef, 0x10, 0x70, 0x55, 0x2a, 0x86, 0xae, 0x86,
  0x6e, 0x85, 0xda, 0x85, 0xef, 0x20, 0xe0, 0x30, 0xe2, 0x57, 0x72, 0x57,
  0xae, 0x8d, 0xbe, 0x86, 0x97, 0x47, 0x00, 0x00, 0x93, 0x87, 0x47, 0x98,
  0xcc, 0x43, 0x2a, 0xd6, 0x88, 0x43, 0x3a, 0x86, 0xef, 0x20, 0xb0, 0x60,
  0x32, 0x5e, 0x2a, 0x86, 0xae, 0x86, 0x72, 0x85, 0xee, 0x85, 0xef, 0x10,
  0x10, 0x52, 0x52, 0x53, 0xc2, 0x58, 0x2a, 0x86, 0xae, 0x86, 0x1a, 0x85,
  0xc6, 0x85, 0xef, 0x20, 0x40, 0x2d, 0x97, 0x47, 0x00, 0x00, 0x93, 0x87,
  0xa7, 0x95, 0x90, 0x43, 0xd4, 0x43, 0xef, 0x10, 0x10, 0x50, 0x82, 0x57,
  0x81, 0x48, 0x46, 0x86, 0x93, 0x87, 0xf7, 0x3f, 0x13, 0x97, 0x47, 0x01,
  0xba, 0x86, 0xef, 0x20, 0x50, 0x18, 0x26, 0x86, 0xa2, 0x86, 0x2a, 0xd0,
  0xae, 0x8d, 0xef, 0x20, 0x50, 0x03, 0x82, 0x57, 0x17, 0x48, 0x00, 0x00,
  0x13, 0x08, 0x08, 0x91, 0x63, 0x41, 0xa0, 0x14, 0x6e, 0xd2, 0x93, 0x07,
  0x60, 0x0c, 0x93, 0x0d, 0x39, 0x06, 0xb3, 0xbd, 0xb7, 0x01, 0x93, 0x97,
  0x4a, 0x01, 0x91, 0x0d, 0x63, 0xd6, 0x07, 0x04, 0x97, 0x47, 0x00, 0x00,
  0x93, 0x87, 0xc7, 0x90, 0x90, 0x43, 0xd4, 0x43, 0x26, 0x85, 0xa2, 0x85,
  0xef, 0x20, 0xa0, 0x7f, 0x63, 0x45, 0x05, 0x12, 0x97, 0x47, 0x00, 0x00,
  0x93, 0x87, 0xc7, 0x8f, 0x90, 0x43, 0xd4, 0x43, 0x26, 0x85, 0xa2, 0x85,
  0xef, 0x20, 0x50, 0x08, 0x63, 0x59, 0x05, 0x10, 0xb3, 0x87, 0x29, 0x41,
  0xfd, 0x17, 0x33, 0x29, 0x39, 0x01, 0x8b, 0x17, 0x20, 0x41, 0xbe, 0x89,
  0x93, 0xea, 0x0a, 0x40, 0x81, 0x4d, 0x01, 0x49, 0xb3, 0xb7, 0x9d, 0x01,
  0xb3, 0x88, 0xbc, 0x41, 0x8b, 0x18, 0xf0, 0x40, 0xc6, 0x87, 0x93, 0xfb,
  0x2a, 0x00, 0x8b, 0x17, 0xb0, 0x43, 0x8b, 0x98, 0x77, 0x43, 0x63, 0x0c,
  0x09, 0x00, 0x02, 0x56, 0x92, 0x56, 0xa2, 0x85, 0x26, 0x85, 0x46, 0xd6,
  0xef, 0x20, 0xa0, 0x20, 0xb2, 0x58, 0x2a, 0x8c, 0x2e, 0x84, 0x01, 0x46,
  0x81, 0x46, 0xd2, 0x85, 0x26, 0x85, 0x46, 0xd0, 0xef, 0x20, 0x90, 0x02,
  0xb7, 0x07, 0x00, 0x80, 0xa1, 0x8f, 0x13, 0x25, 0x05, 0x00, 0x0b, 0x94,
  0xa7, 0x42, 0xfd, 0x77, 0x82, 0x58, 0xa2, 0x56, 0xf2, 0x45, 0x62, 0x45,
  0x93, 0x87, 0xf7, 0x7f, 0xb3, 0xf7, 0xfa, 0x00, 0x3e, 0xc0, 0x6a, 0x86,
  0x4e, 0x88, 0x62, 0x87, 0xa2, 0x87, 0x4d, 0x28, 0x2a, 0x86, 0x63, 0x88,
  0x0d, 0x04, 0x13, 0x04, 0x15, 0x00, 0x93, 0x07, 0x50, 0x06, 0x93, 0xfa,
  0x0a, 0x02, 0x13, 0x05, 0x50, 0x04, 0x0b, 0x95, 0x57, 0x41, 0xa2, 0x56,
  0xf2, 0x45, 0xe2, 0x47, 0xfd, 0x1d, 0x82, 0x97, 0x13, 0x57, 0xf9, 0x41,
  0xb3, 0x46, 0x27, 0x01, 0x33, 0x87, 0xe6, 0x40, 0xf2, 0x45, 0xa2, 0x56,
  0x62, 0x45, 0x95, 0x47, 0x22, 0x86, 0x3e, 0xc2, 0x6e, 0xc0, 0x81, 0x48,
  0x29, 0x48, 0x93, 0x57, 0xf9, 0x01, 0xd5, 0x34, 0x2a, 0x86, 0x33, 0x04,
  0xa5, 0x41, 0x63, 0x9c, 0x0b, 0x04, 0xf6, 0x50, 0x66, 0x54, 0xd6, 0x54,
  0x46, 0x59, 0xb6, 0x59, 0x26, 0x5a, 0x96, 0x5a, 0x06, 0x5b, 0xf6, 0x4b,
  0x66, 0x4c, 0xd6, 0x4c, 0x46, 0x4d, 0xb6, 0x4d, 0x32, 0x85, 0x09, 0x61,
  0x82, 0x80, 0x03, 0x26, 0x08, 0x00, 0x83, 0x26, 0x48, 0x00, 0x3e, 0x85,
  0xee, 0x85, 0xef, 0x20, 0x80, 0x14, 0x7d, 0x19, 0x2a, 0xd0, 0x2e, 0xd2,
  0x7d, 0xb5, 0xb3, 0x37, 0x70, 0x01, 0xb3, 0x87, 0xf9, 0x40, 0x8b, 0x99,
  0x37, 0x43, 0xfd, 0xbd, 0xa2, 0x56, 0xf2, 0x45, 0xe2, 0x47, 0x13, 0x05,
  0x00, 0x02, 0x05, 0x04, 0x82, 0x97, 0x33, 0x06, 0x8d, 0x00, 0xe3, 0x67,
  0x94, 0xff, 0x55, 0xb7, 0x19, 0x71, 0x2a, 0xc2, 0x2e, 0xc4, 0x32, 0xc6,
  0x36, 0xcc, 0x3a, 0x86, 0xbe, 0x86, 0x3a, 0x85, 0xbe, 0x85, 0xa2, 0xdc,
  0xa6, 0xda, 0xd2, 0xd4, 0xd6, 0xd2, 0xda, 0xd0, 0x86, 0xde, 0xca, 0xd8,
  0xce, 0xd6, 0xde, 0xce, 0xe2, 0xcc, 0xe6, 0xca, 0xea, 0xc8, 0xee, 0xc6,
  0x0a, 0x4b, 0xba, 0x84, 0x3e, 0x84, 0x42, 0x8a, 0xc6, 0x8a, 0xef, 0x20,
  0x40, 0x60, 0x05, 0xcd, 0xda, 0x88, 0x56, 0x88, 0x8d, 0x47, 0x17, 0x37,
  0x00, 0x00, 0x13, 0x07, 0xa7, 0x4f, 0x66, 0x54, 0xe2, 0x46, 0x32, 0x46,
  0xa2, 0x45, 0x12, 0x45, 0xf6, 0x50, 0xd6, 0x54, 0x46, 0x59, 0xb6, 0x59,
  0x26, 0x5a, 0x96, 0x5a, 0x06, 0x5b, 0xf6, 0x4b, 0x66, 0x4c, 0xd6, 0x4c,
  0x46, 0x4d, 0xb6, 0x4d, 0x09, 0x61, 0x6f, 0xf0, 0xbf, 0x83, 0x97, 0x37,
  0x00, 0x00, 0x93, 0x87, 0x67, 0x6c, 0x90, 0x43, 0xd4, 0x43, 0x26, 0x85,
  0xa2, 0x85, 0xef, 0x20, 0x60, 0x6c, 0x63, 0x5a, 0x05, 0x00, 0xda, 0x88,
  0x56, 0x88, 0x91, 0x47, 0x17, 0x37, 0x00, 0x00, 0x13, 0x07, 0x07, 0x4b,
  0x4d, 0xbf, 0x97, 0x37, 0x00, 0x00, 0x93, 0x87, 0x67, 0x69, 0x90, 0x43,
  0xd4, 0x43, 0x26, 0x85, 0xa2, 0x85, 0xef, 0x20, 0xc0, 0x5f, 0x63, 0x53,
  0xa0, 0x02, 0x93, 0x77, 0x4b, 0x00, 0x89, 0xcb, 0x17, 0x37, 0x00, 0x00,
  0x13, 0x07, 0x87, 0x47, 0x91, 0x47, 0xda, 0x88, 0x56, 0x88, 0x51, 0xb7,
  0x17, 0x37, 0x00, 0x00, 0x13, 0x07, 0x07, 0x47, 0x8d, 0x47, 0xc5, 0xbf,
  0x97, 0x37, 0x00, 0x00, 0x93, 0x87, 0x47, 0x6e, 0x90, 0x43, 0xd4, 0x43,
  0x26, 0x85, 0xa2, 0x85, 0xef, 0x20, 0x20, 0x5c, 0x63, 0x4e, 0xa0, 0x00,
  0x97, 0x37, 0x00, 0x00, 0x93, 0x87, 0x47, 0x6d, 0x90, 0x43, 0xd4, 0x43,
  0x26, 0x85, 0xa2, 0x85, 0xef, 0x20, 0xc0, 0x64, 0x63, 0x5a, 0x05, 0x02,
  0xa2, 0x87, 0x66, 0x54, 0x5a, 0xc1, 0xe2, 0x46, 0x32, 0x46, 0xa2, 0x45,
  0x12, 0x45, 0xf6, 0x50, 0x46, 0x59, 0xb6, 0x59, 0x06, 0x5b, 0xf6, 0x4b,
  0x66, 0x4c, 0xd6, 0x4c, 0x46, 0x4d, 0xb6, 0x4d, 0xd6, 0x88, 0x52, 0x88,
  0x96, 0x5a, 0x26, 0x5a, 0x26, 0x87, 0xd6, 0x54, 0x09, 0x61, 0xe1, 0xb4,
  0x01, 0x46, 0x81, 0x46, 0x26, 0x85, 0xa2, 0x85, 0xef, 0x20, 0xc0, 0x60,
  0x81, 0x4d, 0x63, 0x5b, 0x05, 0x00, 0x26, 0x86, 0xa2, 0x86, 0x01, 0x45,
  0x81, 0x45, 0xef, 0x20, 0x10, 0x2e, 0xaa, 0x84, 0x2e, 0x84, 0x85, 0x4d,
  0x13, 0x77, 0x0b, 0x40, 0x99, 0x47, 0x0b, 0x9a, 0xe7, 0x40, 0x01, 0x4c,
  0xa5, 0x46, 0x93, 0x0b, 0x01, 0x02, 0x13, 0x06, 0x00, 0x03, 0x93, 0x05,
  0x00, 0x02, 0x63, 0xf8, 0x46, 0x01, 0x0b, 0xd6, 0x8b, 0x01, 0x05, 0x0c,
  0x7d, 0x1a, 0xe3, 0x1a, 0xbc, 0xfe, 0xa2, 0x85, 0x26, 0x85, 0xef, 0x30,
  0xe0, 0x07, 0x97, 0x36, 0x00, 0x00, 0x93, 0x86, 0x66, 0x55, 0x8b, 0x96,
  0x46, 0x07, 0x9c, 0x42, 0x03, 0xa8, 0x46, 0x00, 0xaa, 0x8c, 0x3e, 0xc8,
  0x42, 0xca, 0xef, 0x30, 0x80, 0x12, 0x2a, 0x86, 0xae, 0x86, 0x26, 0x85,
  0xa2, 0x85, 0xef, 0x20, 0x10, 0x28, 0x42, 0x46, 0xd2, 0x46, 0xef, 0x20,
  0x40, 0x63, 0x2e, 0x89, 0xaa, 0x89, 0xef, 0x30, 0xa0, 0x0a, 0x2a, 0x8d,
  0xef, 0x30, 0xa0, 0x16, 0x2a, 0x86, 0xae, 0x86, 0x4e, 0x85, 0xca, 0x85,
  0xef, 0x20, 0xf0, 0x25, 0x17, 0x39, 0x00, 0x00, 0x13, 0x09, 0x49, 0x59,
  0x03, 0x26, 0x09, 0x00, 0x83, 0x26, 0x49, 0x00, 0x2a, 0xce, 0xae, 0x89,
  0xef, 0x20, 0xe0, 0x4b, 0x72, 0x4e, 0x63, 0x5e, 0xa0, 0x02, 0x05, 0x0d,
  0x6a, 0x85, 0xef, 0x30, 0x80, 0x13, 0x2a, 0x86, 0xae, 0x86, 0x42, 0x45,
  0xd2, 0x45, 0xef, 0x20, 0x60, 0x54, 0x63, 0x44, 0xa0, 0x00, 0x85, 0x0c,
  0x01, 0x4d, 0x63, 0x01, 0x0a, 0x04, 0x93, 0x05, 0x00, 0x02, 0x29, 0x46,
  0x25, 0x45, 0x63, 0x15, 0xbc, 0x0a, 0x62, 0x9a, 0x13, 0x06, 0x00, 0x02,
  0x93, 0x05, 0x00, 0x03, 0xc9, 0xa0, 0x97, 0x37, 0x00, 0x00, 0x93, 0x87,
  0xe7, 0x53, 0x90, 0x43, 0xd4, 0x43, 0x72, 0x85, 0xce, 0x85, 0xef, 0x20,
  0xe0, 0x50, 0xe3, 0x48, 0x05, 0xfc, 0x63, 0x05, 0x0d, 0x00, 0x93, 0x76,
  0x1d, 0x00, 0xf1, 0xd2, 0x05, 0x0d, 0xc1, 0xb7, 0x66, 0x85, 0xef, 0x30,
  0x80, 0x07, 0x2a, 0x86, 0xae, 0x86, 0x26, 0x85, 0xa2, 0x85, 0xef, 0x20,
  0x10, 0x1d, 0x83, 0x26, 0x49, 0x00, 0x03, 0x26, 0x09, 0x00, 0xef, 0x20,
  0xe0, 0x4d, 0x93, 0x86, 0x1c, 0x00, 0xf9, 0x9a, 0x13, 0x25, 0x05, 0x00,
  0x8b, 0x9c, 0xa6, 0x40, 0x93, 0x05, 0x00, 0x02, 0x29, 0x46, 0x63, 0x0f,
  0xbc, 0x00, 0xb3, 0xe6, 0xcc, 0x02, 0x05, 0x0c, 0x33, 0x85, 0x8b, 0x01,
  0xb3, 0xcc, 0xcc, 0x02, 0x93, 0x86, 0x06, 0x03, 0xa3, 0x0f, 0xd5, 0xfe,
  0xe3, 0x93, 0x0c, 0xfe, 0x93, 0x76, 0x3b, 0x00, 0x05, 0x46, 0x63, 0x92,
  0xc6, 0x0a, 0x63, 0x80, 0x0a, 0x0a, 0x63, 0x95, 0x0d, 0x00, 0x93, 0x76,
  0xcb, 0x00, 0x91, 0xc2, 0xfd, 0x1a, 0x93, 0x06, 0x00, 0x02, 0x13, 0x06,
  0x00, 0x03, 0xb9, 0xa0, 0xb3, 0x76, 0xcd, 0x02, 0x05, 0x0c, 0x33, 0x83,
  0x8b, 0x01, 0x7d, 0x1a, 0x93, 0x86, 0x06, 0x03, 0xa3, 0x0f, 0xd3, 0xfe,
  0xb3, 0x56, 0xcd, 0x02, 0xe3, 0x71, 0xa5, 0xf5, 0x36, 0x8d, 0x25, 0xbf,
  0x8b, 0xd5, 0x8b, 0x01, 0x36, 0x8c, 0xe3, 0x09, 0xcc, 0xf8, 0x93, 0x06,
  0x1c, 0x00, 0xe3, 0x19, 0x4c, 0xff, 0x93, 0x07, 0x0c, 0x02, 0x18, 0x10,
  0xba, 0x97, 0x13, 0x06, 0xe0, 0x02, 0x23, 0x80, 0xc7, 0xfe, 0x36, 0x8c,
  0x95, 0xbf, 0x0b, 0xd6, 0x8b, 0x01, 0x05, 0x0c, 0x63, 0x7d, 0x5c, 0x03,
  0xe3, 0x1b, 0xdc, 0xfe, 0xe2, 0x46, 0x32, 0x46, 0xa2, 0x45, 0x12, 0x45,
  0xda, 0x88, 0x56, 0x88, 0xe2, 0x87, 0x5e, 0x87, 0xef, 0xf0, 0x0f, 0xd8,
  0xf6, 0x50, 0x66, 0x54, 0xd6, 0x54, 0x46, 0x59, 0xb6, 0x59, 0x26, 0x5a,
  0x96, 0x5a, 0x06, 0x5b, 0xf6, 0x4b, 0x66, 0x4c, 0xd6, 0x4c, 0x46, 0x4d,
  0xb6, 0x4d, 0x09, 0x61, 0x82, 0x80, 0x93, 0x06, 0x00, 0x02, 0xe3, 0x05,
  0xdc, 0xfc, 0x63, 0x8e, 0x0d, 0x00, 0xb3, 0x07, 0xdc, 0x00, 0x33, 0x07,
  0xd1, 0x00, 0xb3, 0x86, 0xe7, 0x00, 0x13, 0x06, 0xd0, 0x02, 0x23, 0x80,
  0xc6, 0xfe, 0x05, 0x0c, 0x75, 0xb7, 0x13, 0x76, 0x4b, 0x00, 0x09, 0xca,
  0x93, 0x07, 0x0c, 0x02, 0x18, 0x10, 0xb3, 0x86, 0xe7, 0x00, 0x13, 0x06,
  0xb0, 0x02, 0xd5, 0xb7, 0x13, 0x76, 0x8b, 0x00, 0x41, 0xda, 0x93, 0x07,
  0x0c, 0x02, 0x18, 0x10, 0x33, 0x86, 0xe7, 0x00, 0x23, 0x00, 0xd6, 0xfe,
  0xc9, 0xbf, 0x1d, 0x71, 0xd2, 0xc4, 0x17, 0xfa, 0xff, 0xff, 0x13, 0x0a,
  0x8a, 0x50, 0xa2, 0xcc, 0xa6, 0xca, 0xca, 0xc8, 0x62, 0xdc, 0x66, 0xda,
  0x6e, 0xd6, 0x86, 0xce, 0xce, 0xc6, 0xd6, 0xc2, 0xda, 0xc0, 0x5e, 0xde,
  0x6a, 0xd8, 0x2e, 0xc8, 0x32, 0x89, 0xb6, 0x84, 0xba, 0x8d, 0x0b, 0x1a,
  0xb5, 0x42, 0x01, 0x44, 0x13, 0x0c, 0x00, 0x03, 0xa9, 0x4c, 0x03, 0xc5,
  0x04, 0x00, 0x1d, 0xe9, 0xc2, 0x45, 0xb3, 0x37, 0x24, 0x01, 0x13, 0x06,
  0xf9, 0xff, 0xca, 0x86, 0x0b, 0x16, 0xf4, 0x42, 0x01, 0x45, 0x02, 0x9a,
  0xf6, 0x40, 0x22, 0x85, 0x66, 0x44, 0xd6, 0x44, 0x46, 0x49, 0xb6, 0x49,
  0x26, 0x4a, 0x96, 0x4a, 0x06, 0x4b, 0xf2, 0x5b, 0x62, 0x5c, 0xd2, 0x5c,
  0x42, 0x5d, 0xb2, 0x5d, 0x25, 0x61, 0x82, 0x80, 0x93, 0x07, 0x50, 0x02,
  0x85, 0x04, 0x63, 0x0a, 0xf5, 0x00, 0xc2, 0x45, 0x22, 0x86, 0x93, 0x0a,
  0x14, 0x00, 0xca, 0x86, 0x02, 0x9a, 0x56, 0x84, 0x7d, 0xb7, 0x01, 0x43,
  0x93, 0x06, 0xb0, 0x02, 0x13, 0x06, 0x00, 0x02, 0x93, 0x05, 0x30, 0x02,
  0x95, 0xa0, 0x13, 0x05, 0xd0, 0x02, 0x63, 0x8c, 0xa7, 0x08, 0x63, 0x8a,
  0x87, 0x05, 0x93, 0x86, 0x07, 0xfd, 0x25, 0x46, 0x93, 0xf6, 0xf6, 0x0f,
  0x81, 0x49, 0xb2, 0x85, 0x63, 0x6f, 0xd6, 0x04, 0xa6, 0x86, 0x8b, 0xc7,
  0x16, 0x98, 0x13, 0x87, 0x07, 0xfd, 0x13, 0x77, 0xf7, 0x0f, 0x63, 0xf4,
  0xe5, 0x08, 0x03, 0xc7, 0x04, 0x00, 0x93, 0x07, 0xe0, 0x02, 0x63, 0x14,
  0xf7, 0x12, 0x03, 0xc6, 0x14, 0x00, 0x25, 0x47, 0x93, 0x87, 0x14, 0x00,
  0x93, 0x06, 0x06, 0xfd, 0x93, 0xf6, 0xf6, 0x0f, 0x13, 0x63, 0x03, 0x40,
  0x63, 0x67, 0xd7, 0x0e, 0x01, 0x4b, 0x29, 0x45, 0x85, 0xa8, 0x13, 0x63,
  0x13, 0x00, 0xba, 0x84, 0x26, 0x87, 0x8b, 0x47, 0x17, 0x98, 0x63, 0x8d,
  0xd7, 0x02, 0xe3, 0xea, 0xf6, 0xf8, 0x63, 0x8c, 0xc7, 0x02, 0x63, 0x8d,
  0xb7, 0x02, 0x93, 0x06, 0xa0, 0x02, 0x81, 0x49, 0xe3, 0x99, 0xd7, 0xfa,
  0x83, 0xa9, 0x0d, 0x00, 0x93, 0x87, 0x4d, 0x00, 0x63, 0xd6, 0x09, 0x00,
  0x13, 0x63, 0x23, 0x00, 0xb3, 0x09, 0x30, 0x41, 0xbe, 0x8d, 0xba, 0x84,
  0x59, 0xbf, 0x13, 0x63, 0x23, 0x00, 0xc1, 0xb7, 0x13, 0x63, 0x43, 0x00,
  0x6d, 0xbf, 0x13, 0x63, 0x83, 0x00, 0x55, 0xbf, 0x13, 0x63, 0x03, 0x01,
  0x7d, 0xb7, 0x8b, 0x97, 0x99, 0x21, 0xb6, 0x84, 0x93, 0x89, 0x07, 0xfd,
  0x85, 0xb7, 0x8b, 0x16, 0xab, 0x20, 0xae, 0x87, 0x13, 0x8b, 0x06, 0xfd,
  0xbe, 0x85, 0x8b, 0xc6, 0x15, 0x98, 0x13, 0x86, 0x06, 0xfd, 0x13, 0x76,
  0xf6, 0x0f, 0xe3, 0x74, 0xc7, 0xfe, 0xbe, 0x84, 0x0b, 0xc7, 0x14, 0x98,
  0x93, 0x06, 0xc0, 0x06, 0x63, 0x0b, 0xd7, 0x08, 0x63, 0xee, 0xe6, 0x06,
  0x93, 0x06, 0x80, 0x06, 0x63, 0x0e, 0xd7, 0x08, 0x93, 0x06, 0xa0, 0x06,
  0x63, 0x04, 0xd7, 0x0a, 0xbe, 0x84, 0x0b, 0xc5, 0x14, 0x98, 0x93, 0x07,
  0x70, 0x06, 0x63, 0xef, 0xa7, 0x0a, 0x93, 0x07, 0x70, 0x05, 0x63, 0xec,
  0xa7, 0x08, 0x93, 0x07, 0x50, 0x04, 0x63, 0x01, 0xf5, 0x02, 0xe3, 0xf2,
  0xa7, 0xec, 0x93, 0x07, 0x60, 0x04, 0x63, 0x0b, 0xf5, 0x1c, 0x93, 0x07,
  0x70, 0x04, 0xe3, 0x1a, 0xf5, 0xea, 0x85, 0x67, 0x93, 0x87, 0x07, 0x80,
  0x33, 0x63, 0xf3, 0x00, 0x13, 0x63, 0x03, 0x02, 0xd5, 0xaa, 0x13, 0x07,
  0xa0, 0x02, 0x01, 0x4b, 0xe3, 0x1b, 0xe6, 0xf8, 0x03, 0xae, 0x0d, 0x00,
  0x91, 0x0d, 0x93, 0x27, 0x0e, 0x00, 0x0b, 0x1e, 0xf0, 0x42, 0x72, 0x8b,
  0x93, 0x87, 0x24, 0x00, 0xbd, 0xbf, 0xa6, 0x87, 0x01, 0x4b, 0xa5, 0xbf,
  0x93, 0x06, 0x40, 0x07, 0x63, 0x06, 0xd7, 0x00, 0x93, 0x06, 0xa0, 0x07,
  0xe3, 0x16, 0xd7, 0xf8, 0x13, 0x63, 0x03, 0x10, 0x59, 0xb7, 0x83, 0xc6,
  0x17, 0x00, 0xe3, 0x9b, 0xe6, 0xfe, 0x13, 0x63, 0x03, 0x30, 0x93, 0x84,
  0x27, 0x00, 0x95, 0xbf, 0x83, 0xc6, 0x17, 0x00, 0x63, 0x85, 0xe6, 0x00,
  0x13, 0x63, 0x03, 0x08, 0x9d, 0xb7, 0x13, 0x63, 0x03, 0x0c, 0xe5, 0xb7,
  0x13, 0x63, 0x03, 0x20, 0xa9, 0xbf, 0x93, 0x07, 0x85, 0xfa, 0x93, 0xf7,
  0xf7, 0x0f, 0x3d, 0x47, 0xe3, 0x67, 0xf7, 0xe2, 0x17, 0x37, 0x00, 0x00,
  0x13, 0x07, 0x47, 0x0b, 0x8b, 0x47, 0xf7, 0x44, 0xba, 0x97, 0x82, 0x87,
  0x93, 0x07, 0x75, 0xf9, 0x93, 0xf7, 0xf7, 0x0f, 0x3d, 0x47, 0xe3, 0x68,
  0xf7, 0xe0, 0x05, 0x47, 0xa5, 0x66, 0x33, 0x17, 0xf7, 0x00, 0x93, 0x86,
  0x16, 0x04, 0x75, 0x8f, 0x1d, 0xe3, 0x29, 0x47, 0x63, 0x87, 0xe7, 0x1e,
  0x1d, 0x47, 0xe3, 0x9a, 0xe7, 0xde, 0x13, 0x63, 0x13, 0x02, 0xa1, 0x47,
  0x03, 0xa7, 0x0d, 0x00, 0x93, 0x8a, 0x4d, 0x00, 0x1a, 0xc2, 0x3e, 0xc0,
  0xda, 0x88, 0x41, 0x48, 0xe9, 0xa0, 0x93, 0x07, 0xf0, 0x06, 0x63, 0x16,
  0xf5, 0x2a, 0x21, 0x48, 0x0d, 0xa0, 0x93, 0x07, 0x80, 0x05, 0x63, 0x07,
  0xf5, 0x02, 0x93, 0x07, 0x20, 0x06, 0x09, 0x48, 0x63, 0x09, 0xf5, 0x00,
  0x13, 0x73, 0xf3, 0xfe, 0x93, 0x07, 0x40, 0x06, 0x29, 0x48, 0x63, 0x0d,
  0xf5, 0x28, 0x13, 0x73, 0x33, 0xff, 0x49, 0xac, 0x93, 0x07, 0x80, 0x07,
  0xe3, 0x14, 0xf5, 0xfe, 0x41, 0x48, 0xc5, 0xbf, 0x13, 0x63, 0x03, 0x02,
  0xe5, 0xbf, 0x93, 0x77, 0x03, 0x10, 0x93, 0x8a, 0x4d, 0x00, 0x85, 0xc7,
  0x83, 0xa7, 0x0d, 0x00, 0x13, 0xd7, 0xf7, 0x41, 0xb3, 0x46, 0xf7, 0x00,
  0x1a, 0xc2, 0x4e, 0xc0, 0xda, 0x88, 0xfd, 0x83, 0x33, 0x87, 0xe6, 0x40,
  0xc2, 0x45, 0xca, 0x86, 0x22, 0x86, 0x52, 0x85, 0xef, 0xf0, 0xef, 0xbc,
  0x5d, 0xac, 0x03, 0xa7, 0x0d, 0x00, 0x93, 0x75, 0x03, 0x08, 0x13, 0x76,
  0x03, 0x04, 0x8b, 0x27, 0x07, 0x3c, 0x93, 0x76, 0xf7, 0x0f, 0x8b, 0x17,
  0xb7, 0x40, 0x8b, 0x97, 0xc6, 0x42, 0xc9, 0xb7, 0x8d, 0xc3, 0x9d, 0x0d,
  0x93, 0xfd, 0x8d, 0xff, 0x03, 0xa7, 0x0d, 0x00, 0x83, 0xa7, 0x4d, 0x00,
  0xc2, 0x88, 0x93, 0x8a, 0x8d, 0x00, 0x1a, 0xc6, 0x4e, 0xc4, 0x5a, 0xc2,
  0x02, 0xc0, 0x01, 0x48, 0xad, 0xa4, 0x93, 0x77, 0x03, 0x10, 0x93, 0x8a,
  0x4d, 0x00, 0x81, 0xcb, 0x03, 0xa7, 0x0d, 0x00, 0xda, 0x88, 0x1a, 0xc2,
  0x4e, 0xc0, 0x81, 0x47, 0x71, 0xbf, 0x83, 0xa7, 0x0d, 0x00, 0x93, 0x75,
  0x03, 0x08, 0x13, 0x76, 0x03, 0x04, 0x0b, 0xb7, 0x07, 0x3c, 0x93, 0xf6,
  0xf7, 0x0f, 0x0b, 0x97, 0xb7, 0x40, 0x1a, 0xc2, 0x4e, 0xc0, 0xda, 0x88,
  0x81, 0x47, 0x0b, 0x97, 0xc6, 0x42, 0x9d, 0xbf, 0x13, 0x63, 0x03, 0x02,
  0x93, 0x87, 0x7d, 0x00, 0xe1, 0x9b, 0x98, 0x43, 0x93, 0x8d, 0x87, 0x00,
  0xc2, 0x45, 0xdc, 0x43, 0xce, 0x88, 0x1a, 0xc0, 0x5a, 0x88, 0xca, 0x86,
  0x22, 0x86, 0x52, 0x85, 0x45, 0x38, 0x2a, 0x84, 0xbd, 0xb9, 0x85, 0x67,
  0x93, 0x87, 0x07, 0x80, 0xb3, 0x67, 0xf3, 0x00, 0x13, 0x05, 0x95, 0xf9,
  0x0b, 0x93, 0xa7, 0x40, 0x93, 0x87, 0x7d, 0x00, 0xe1, 0x9b, 0x98, 0x43,
  0x93, 0x8d, 0x87, 0x00, 0xc2, 0x45, 0xdc, 0x43, 0xce, 0x88, 0x1a, 0xc0,
  0x5a, 0x88, 0xca, 0x86, 0x22, 0x86, 0x52, 0x85, 0xef, 0xf0, 0x6f, 0xc7,
  0xe9, 0xb7, 0x93, 0x7a, 0x23, 0x00, 0x85, 0x4b, 0x63, 0x99, 0x0a, 0x02,
  0x01, 0x4d, 0x31, 0xa0, 0xc2, 0x45, 0xca, 0x86, 0x13, 0x05, 0x00, 0x02,
  0x02, 0x9a, 0x33, 0x06, 0xa4, 0x01, 0x05, 0x0d, 0xe3, 0x68, 0x3d, 0xff,
  0x93, 0x87, 0x19, 0x00, 0x09, 0x47, 0x0b, 0x97, 0x37, 0x43, 0xba, 0x8b,
  0x13, 0x87, 0xf9, 0xff, 0x0b, 0x17, 0x30, 0x41, 0x3a, 0x94, 0xc2, 0x45,
  0x03, 0xc5, 0x0d, 0x00, 0xca, 0x86, 0x22, 0x86, 0x13, 0x8d, 0x4d, 0x00,
  0x13, 0x0b, 0x14, 0x00, 0x02, 0x9a, 0x63, 0x87, 0x0a, 0x02, 0x5e, 0x84,
  0x5a, 0x86, 0x11, 0xa8, 0xc2, 0x45, 0xca, 0x86, 0x13, 0x05, 0x00, 0x02,
  0x93, 0x0a, 0x16, 0x00, 0x02, 0x9a, 0x05, 0x04, 0x56, 0x86, 0xe3, 0x67,
  0x34, 0xff, 0xb3, 0x86, 0x79, 0x41, 0xb3, 0xb7, 0x79, 0x01, 0x8b, 0x16,
  0xf0, 0x42, 0x36, 0x9b, 0xea, 0x8d, 0x5a, 0x84, 0xe9, 0xb6, 0x03, 0xa7,
  0x0d, 0x00, 0xfd, 0x56, 0x8b, 0x16, 0x6b, 0x43, 0x13, 0x8d, 0x4d, 0x00,
  0xba, 0x96, 0xba, 0x87, 0x03, 0xc6, 0x07, 0x00, 0x19, 0xc2, 0x63, 0x95,
  0xf6, 0x02, 0xb3, 0x8b, 0xe7, 0x40, 0x33, 0x36, 0x7b, 0x01, 0xda, 0x86,
  0x93, 0x7a, 0x03, 0x40, 0x8b, 0x96, 0xcb, 0x40, 0x93, 0x7d, 0x23, 0x00,
  0x8b, 0x9b, 0x56, 0x43, 0x63, 0x95, 0x0d, 0x04, 0x22, 0x86, 0x33, 0x88,
  0x8b, 0x40, 0x0d, 0xa0, 0x85, 0x07, 0xf9, 0xb7, 0xc2, 0x45, 0x13, 0x03,
  0x16, 0x00, 0x3a, 0xce, 0x42, 0xcc, 0x1a, 0xca, 0xca, 0x86, 0x13, 0x05,
  0x00, 0x02, 0x02, 0x9a, 0x52, 0x43, 0x62, 0x48, 0x72, 0x47, 0x1a, 0x86,
  0xb3, 0x06, 0xc8, 0x00, 0xe3, 0xe0, 0x36, 0xff, 0xb3, 0x86, 0x79, 0x41,
  0x33, 0xb6, 0x79, 0x01, 0x8b, 0x16, 0xc0, 0x42, 0x93, 0x87, 0x1b, 0x00,
  0xb3, 0x8b, 0xd7, 0x00, 0x36, 0x94, 0x01, 0x8f, 0x29, 0xa8, 0x36, 0x8b,
  0xc2, 0x45, 0x13, 0x08, 0x14, 0x00, 0x3a, 0xcc, 0x42, 0xca, 0x22, 0x86,
  0xca, 0x86, 0x02, 0x9a, 0x52, 0x48, 0x62, 0x47, 0x42, 0x84, 0x0b, 0x45,
  0x87, 0x80, 0x19, 0xc5, 0xe3, 0x82, 0x0a, 0xfe, 0x93, 0x06, 0xfb, 0xff,
  0xe3, 0x1d, 0x0b, 0xfc, 0x63, 0x89, 0x0d, 0x02, 0x22, 0x86, 0xb3, 0x8a,
  0x8b, 0x40, 0x09, 0xa8, 0xc2, 0x45, 0xca, 0x86, 0x13, 0x05, 0x00, 0x02,
  0x93, 0x0d, 0x16, 0x00, 0x02, 0x9a, 0x6e, 0x86, 0x33, 0x07, 0x56, 0x01,
  0xe3, 0x66, 0x37, 0xff, 0x33, 0x87, 0x79, 0x41, 0xb3, 0xb7, 0x79, 0x01,
  0x0b, 0x17, 0xf0, 0x42, 0x3a, 0x94, 0xea, 0x8d, 0xdd, 0xb4, 0xe3, 0xe1,
  0xa7, 0xd8, 0x93, 0x07, 0x90, 0x06, 0x13, 0x73, 0xf3, 0xfe, 0x29, 0x48,
  0xe3, 0x12, 0xf5, 0xd6, 0x13, 0x77, 0x03, 0x40, 0x93, 0x77, 0xe3, 0xff,
  0x0b, 0x93, 0xe7, 0x42, 0x13, 0x07, 0x90, 0x06, 0x93, 0x77, 0x03, 0x20,
  0x63, 0x06, 0xe5, 0x00, 0x13, 0x07, 0x40, 0x06, 0xe3, 0x1a, 0xe5, 0xda,
  0xe3, 0x81, 0x07, 0xd6, 0x9d, 0x0d, 0x93, 0xfd, 0x8d, 0xff, 0x83, 0xa5,
  0x4d, 0x00, 0x83, 0xa6, 0x0d, 0x00, 0xc2, 0x88, 0x13, 0xd6, 0xf5, 0x41,
  0xb1, 0x8e, 0xb3, 0x47, 0xb6, 0x00, 0x33, 0x87, 0xc6, 0x40, 0xb3, 0xb6,
  0xe6, 0x00, 0x91, 0x8f, 0x93, 0x8a, 0x8d, 0x00, 0x1a, 0xc6, 0x4e, 0xc4,
  0x5a, 0xc2, 0x02, 0xc0, 0x13, 0xd8, 0xf5, 0x01, 0x95, 0x8f, 0xc2, 0x45,
  0xca, 0x86, 0x22, 0x86, 0x52, 0x85, 0xef, 0xf0, 0x8f, 0x9a, 0x2a, 0x84,
  0xd6, 0x8d, 0xa5, 0xb4, 0x41, 0x11, 0x22, 0xc4, 0x06, 0xc6, 0xa9, 0x47,
  0x2a, 0x84, 0x63, 0x16, 0xf5, 0x00, 0xb5, 0x45, 0x13, 0x85, 0x01, 0x2a,
  0xa1, 0x2f, 0xa2, 0x85, 0x22, 0x44, 0xb2, 0x40, 0x13, 0x85, 0x01, 0x2a,
  0x41, 0x01, 0x6f, 0x00, 0xa0, 0x74, 0x11, 0xc1, 0xe1, 0xbf, 0x82, 0x80,
  0x39, 0x71, 0x2e, 0xd2, 0x32, 0xd4, 0x36, 0xd6, 0x3a, 0xd8, 0xaa, 0x86,
  0x58, 0x10, 0x2c, 0x00, 0x7d, 0x56, 0x17, 0x05, 0x00, 0x00, 0x13, 0x05,
  0x85, 0xfe, 0x06, 0xce, 0x3e, 0xda, 0x42, 0xdc, 0x46, 0xde, 0x3a, 0xc6,
  0xf9, 0x3a, 0xf2, 0x40, 0x21, 0x61, 0x82, 0x80, 0x41, 0x11, 0x26, 0xc2,
  0xaa, 0x84, 0x88, 0x41, 0x22, 0xc4, 0x06, 0xc6, 0x2e, 0x84, 0xad, 0x2c,
  0x13, 0x17, 0x45, 0x00, 0x93, 0x07, 0x15, 0x00, 0x92, 0x07, 0x61, 0x07,
  0x26, 0x97, 0xbe, 0x94, 0x9c, 0x48, 0x91, 0xc7, 0x94, 0x43, 0x81, 0xc6,
  0x10, 0x40, 0x63, 0xec, 0xc6, 0x00, 0x00, 0xc7, 0x58, 0xc4, 0x1c, 0xc4,
  0x91, 0xc3, 0xc0, 0xc7, 0xb2, 0x40, 0x22, 0x44, 0x92, 0x44, 0x41, 0x01,
  0x82, 0x80, 0x3e, 0x87, 0x9c, 0x47, 0xf1, 0xbf, 0x63, 0x80, 0x05, 0x08,
  0x93, 0x87, 0x85, 0xff, 0xd8, 0x43, 0x03, 0xa8, 0x07, 0x00, 0xbe, 0x85,
  0x0b, 0x37, 0x07, 0x78, 0xd8, 0xc3, 0xb3, 0x86, 0x07, 0x01, 0xd8, 0x42,
  0x63, 0x4a, 0x07, 0x02, 0x83, 0xa8, 0xc6, 0x00, 0x90, 0x46, 0x0b, 0xc7,
  0x07, 0x41, 0x23, 0xa4, 0xc8, 0x00, 0x36, 0x97, 0x19, 0xc2, 0xd4, 0x46,
  0x54, 0xc6, 0x8b, 0xc6, 0x07, 0x41, 0x90, 0x43, 0x37, 0x08, 0x00, 0x80,
  0x36, 0x96, 0x90, 0xc3, 0x54, 0x43, 0xb3, 0xf6, 0x06, 0x01, 0xd1, 0x8e,
  0x54, 0xc3, 0xba, 0x86, 0xd8, 0x43, 0x33, 0x87, 0xe7, 0x40, 0x50, 0x43,
  0x63, 0x43, 0x06, 0x02, 0x4c, 0x47, 0x10, 0x47, 0x90, 0xc5, 0x19, 0xc2,
  0x4c, 0x47, 0x4c, 0xc6, 0x9c, 0x43, 0x10, 0x43, 0xb7, 0x05, 0x00, 0x80,
  0x3e, 0x96, 0x10, 0xc3, 0xdc, 0x42, 0xed, 0x8f, 0xd1, 0x8f, 0xdc, 0xc2,
  0xba, 0x85, 0x2d, 0xbf, 0x82, 0x80, 0xb3, 0x87, 0xc5, 0x00, 0x13, 0x87,
  0xf5, 0x00, 0x4c, 0x45, 0x41, 0x9b, 0xc1, 0x9b, 0x33, 0x86, 0xe7, 0x40,
  0xb2, 0x95, 0x4c, 0xc5, 0x18, 0xc9, 0xa1, 0x45, 0x0c, 0xc3, 0x83, 0x28,
  0x05, 0x01, 0x37, 0x08, 0x00, 0x80, 0x41, 0x16, 0x23, 0xa2, 0x08, 0x01,
  0x10, 0xc7, 0x4c, 0xc7, 0xe1, 0x17, 0x5c, 0xc9, 0x8c, 0xc3, 0x1c, 0x47,
  0x54, 0x49, 0xba, 0x95, 0xb3, 0xe7, 0x07, 0x01, 0xdc, 0xc2, 0xdd, 0xbd,
  0x01, 0x11, 0x22, 0xcc, 0x26, 0xca, 0x4a, 0xc8, 0x4e, 0xc6, 0x06, 0xce,
  0x13, 0x04, 0x85, 0x01, 0xaa, 0x84, 0x23, 0x26, 0x05, 0x00, 0x2e, 0x89,
  0xb2, 0x89, 0x81, 0x45, 0x13, 0x06, 0x00, 0x13, 0x22, 0x85, 0xef, 0x20,
  0x30, 0x18, 0xa2, 0x87, 0x93, 0x86, 0x84, 0x13, 0x3e, 0x87, 0xc1, 0x07,
  0x1c, 0xc7, 0x58, 0xcf, 0xe3, 0x9c, 0xd7, 0xfe, 0x62, 0x44, 0xf2, 0x40,
  0x4e, 0x86, 0xca, 0x85, 0xb2, 0x49, 0x42, 0x49, 0x26, 0x85, 0xd2, 0x44,
  0x05, 0x61, 0x95, 0xbf, 0x83, 0xa5, 0x81, 0xff, 0x03, 0xa6, 0x41, 0xff,
  0x13, 0x85, 0x41, 0x00, 0x0d, 0x8e, 0x5d, 0xb7, 0x18, 0x49, 0x03, 0x23,
  0x45, 0x01, 0x01, 0x48, 0x81, 0x47, 0x81, 0x48, 0x01, 0x46, 0x63, 0x6d,
  0x67, 0x00, 0x58, 0x45, 0xa1, 0x07, 0x23, 0xa2, 0x15, 0x01, 0x98, 0xc1,
  0x90, 0xc5, 0xdc, 0xc5, 0x23, 0xa8, 0x05, 0x01, 0x01, 0x45, 0x82, 0x80,
  0x03, 0x2e, 0x47, 0x00, 0x14, 0x43, 0x63, 0x55, 0x0e, 0x00, 0xb6, 0x97,
  0x36, 0x97, 0xe1, 0xbf, 0x33, 0x3e, 0xd6, 0x00, 0x85, 0x08, 0x36, 0x98,
  0x0b, 0x96, 0xc6, 0x43, 0xc5, 0xbf, 0x79, 0x71, 0x6c, 0x00, 0x22, 0xd4,
  0x06, 0xd6, 0x13, 0x84, 0xc1, 0x14, 0x7d, 0x37, 0xe2, 0x45, 0x1c, 0x40,
  0x63, 0xd1, 0xb7, 0x02, 0x83, 0xa7, 0x41, 0xff, 0x03, 0xa7, 0x81, 0xff,
  0x0c, 0xc0, 0x93, 0x87, 0x07, 0x80, 0x99, 0x8f, 0x63, 0xe7, 0xf5, 0x00,
  0x17, 0x35, 0x00, 0x00, 0x13, 0x05, 0xc5, 0x9a, 0xd5, 0x3b, 0x08, 0x40,
  0xb2, 0x50, 0x22, 0x54, 0x45, 0x61, 0x82, 0x80, 0x01, 0x11, 0x22, 0xcc,
  0x06, 0xce, 0x26, 0xca, 0x01, 0x44, 0xd9, 0xc1, 0x13, 0x86, 0x75, 0x01,
  0x41, 0x9a, 0xb7, 0x07, 0x40, 0x00, 0xaa, 0x84, 0x49, 0x45, 0x63, 0x76,
  0xf6, 0x00, 0x32, 0x85, 0x32, 0xc6, 0xad, 0x28, 0x32, 0x46, 0x93, 0x07,
  0x15, 0x00, 0x92, 0x07, 0xa6, 0x97, 0x80, 0x4b, 0x21, 0xc8, 0x18, 0x40,
  0x1c, 0x44, 0x63, 0x63, 0xc7, 0x04, 0x58, 0x44, 0x1c, 0xc7, 0x99, 0xc3,
  0x58, 0x44, 0xd8, 0xc7, 0x1c, 0x40, 0x3d, 0x47, 0xb3, 0x86, 0xc7, 0x40,
  0x63, 0x71, 0xd7, 0x02, 0x8b, 0x56, 0xc4, 0x40, 0xb3, 0x05, 0xc4, 0x00,
  0xd0, 0xc1, 0x10, 0xc0, 0xa2, 0x97, 0xd8, 0x43, 0x37, 0x06, 0x00, 0x80,
  0x26, 0x85, 0x71, 0x8f, 0x55, 0x8f, 0xd8, 0xc3, 0x65, 0x33, 0x5c, 0x40,
  0x37, 0x07, 0x00, 0x80, 0xd9, 0x8f, 0x5c, 0xc0, 0x21, 0x04, 0x09, 0xa8,
  0x3e, 0x84, 0x4d, 0xbf, 0x81, 0x46, 0x17, 0x35, 0x00, 0x00, 0x13, 0x05,
  0xa5, 0x93, 0xb9, 0x3b, 0x26, 0x85, 0x15, 0x3f, 0xf2, 0x40, 0x22, 0x85,
  0x62, 0x44, 0xd2, 0x44, 0x05, 0x61, 0x82, 0x80, 0xb7, 0x07, 0x40, 0x00,
  0x63, 0x7c, 0xf5, 0x00, 0x93, 0x57, 0x45, 0x00, 0x05, 0x47, 0x01, 0x45,
  0x63, 0x63, 0xf7, 0x00, 0x82, 0x80, 0x05, 0x05, 0x85, 0x83, 0xdd, 0xbf,
  0x49, 0x45, 0x82, 0x80, 0xb7, 0x07, 0x80, 0xe0, 0xd8, 0x43, 0x0b, 0x95,
  0xa7, 0x04, 0x85, 0x67, 0x3e, 0x95, 0x83, 0x47, 0x35, 0x00, 0x0b, 0x37,
  0x57, 0x61, 0xa1, 0x46, 0xb3, 0x97, 0xe7, 0x00, 0x93, 0xf7, 0xf7, 0x0f,
  0xb3, 0xd7, 0xe7, 0x40, 0x33, 0x87, 0xe6, 0x40, 0xb3, 0x95, 0xe5, 0x00,
  0xdd, 0x8d, 0x93, 0xf5, 0xf5, 0x0f, 0xa3, 0x01, 0xb5, 0x00, 0x0f, 0x00,
  0xf0, 0x0f, 0x0b, 0x00, 0x80, 0x01, 0x82, 0x80, 0x01, 0x11, 0x06, 0xce,
  0x22, 0xcc, 0x26, 0xca, 0x4a, 0xc8, 0x4e, 0xc6, 0x52, 0xc4, 0x89, 0x29,
  0xf3, 0x27, 0x00, 0x7c, 0x37, 0x87, 0x40, 0x00, 0xd9, 0x8f, 0x73, 0x90,
  0x07, 0x7c, 0xf3, 0x27, 0x10, 0x7e, 0x01, 0x77, 0x7d, 0x17, 0xf9, 0x8f,
  0x41, 0x67, 0xd9, 0x8f, 0x73, 0x90, 0x17, 0x7e, 0xf3, 0x27, 0x10, 0x7c,
  0x89, 0x8b, 0x8d, 0xe3, 0x0f, 0x00, 0xf0, 0x0f, 0x0b, 0x00, 0x80, 0x01,
  0x0b, 0x00, 0x20, 0x00, 0xf3, 0x27, 0x10, 0x7c, 0x93, 0xe7, 0x27, 0x00,
  0x73, 0x90, 0x17, 0x7c, 0x0f, 0x00, 0xf0, 0x0f, 0x0b, 0x00, 0x80, 0x01,
  0xf3, 0x27, 0x10, 0x7c, 0x85, 0x8b, 0x8d, 0xe3, 0x0f, 0x00, 0xf0, 0x0f,
  0x0b, 0x00, 0x80, 0x01, 0x0b, 0x00, 0x00, 0x01, 0xf3, 0x27, 0x10, 0x7c,
  0x93, 0xe7, 0x17, 0x00, 0x73, 0x90, 0x17, 0x7c, 0x0f, 0x00, 0xf0, 0x0f,
  0x0b, 0x00, 0x80, 0x01, 0xd1, 0x21, 0xf9, 0x29, 0x0f, 0x00, 0xf0, 0x0f,
  0x0b, 0x00, 0x80, 0x01, 0x0b, 0x00, 0x10, 0x00, 0x0f, 0x00, 0xf0, 0x0f,
  0x0b, 0x00, 0x80, 0x01, 0x0f, 0x00, 0xf0, 0x0f, 0x0b, 0x00, 0x80, 0x01,
  0x0b, 0x00, 0x00, 0x01, 0x0f, 0x00, 0xf0, 0x0f, 0x0b, 0x00, 0x80, 0x01,
  0xb7, 0x04, 0x80, 0xe0, 0xe9, 0x29, 0xdc, 0x40, 0x01, 0x44, 0x05, 0x69,
  0xd1, 0x83, 0xf9, 0x8b, 0x23, 0x80, 0xf4, 0x00, 0x05, 0x4a, 0x93, 0x09,
  0x00, 0x04, 0x8b, 0x97, 0x84, 0x04, 0x33, 0x87, 0x27, 0x01, 0x0b, 0xd0,
  0x27, 0x01, 0x22, 0x85, 0x23, 0x01, 0x47, 0x01, 0x8d, 0x45, 0x05, 0x04,
  0xd5, 0x35, 0xe3, 0x14, 0x34, 0xff, 0xb7, 0x17, 0x80, 0xe0, 0x0d, 0x45,
  0x23, 0x87, 0xa7, 0x00, 0x85, 0x45, 0xc9, 0x3d, 0x0d, 0x45, 0x15, 0x21,
  0x73, 0x60, 0x04, 0x30, 0x37, 0x35, 0x31, 0x01, 0x13, 0x05, 0x05, 0xd0,
  0x4d, 0x29, 0x62, 0x44, 0xf2, 0x40, 0xd2, 0x44, 0x42, 0x49, 0xb2, 0x49,
  0x22, 0x4a, 0x05, 0x61, 0xbd, 0xa3, 0x01, 0x11, 0x22, 0xcc, 0x06, 0xce,
  0x26, 0xca, 0x4a, 0xc8, 0x4e, 0xc6, 0x52, 0xc4, 0x56, 0xc2, 0x2a, 0x84,
  0xf3, 0x25, 0x20, 0x34, 0x17, 0x25, 0x00, 0x00, 0x13, 0x05, 0x85, 0x7b,
  0x75, 0x3e, 0x17, 0x25, 0x00, 0x00, 0x13, 0x05, 0x25, 0x7d, 0x4d, 0x3e,
  0x81, 0x44, 0x93, 0x09, 0xc4, 0xff, 0x0d, 0x4a, 0xfd, 0x4a, 0x13, 0x89,
  0x14, 0x00, 0x0b, 0xc6, 0x29, 0x45, 0xca, 0x85, 0x17, 0x25, 0x00, 0x00,
  0x13, 0x05, 0x85, 0x7b, 0x8d, 0x88, 0x49, 0x3e, 0x63, 0x99, 0x44, 0x01,
  0x17, 0x25, 0x00, 0x00, 0x13, 0x05, 0x45, 0x7a, 0x51, 0x36, 0xca, 0x84,
  0xe9, 0xbf, 0xe3, 0x1e, 0x59, 0xff, 0x17, 0x25, 0x00, 0x00, 0x13, 0x05,
  0x25, 0x79, 0x8d, 0x3e, 0x6c, 0x5c, 0x17, 0x25, 0x00, 0x00, 0x13, 0x05,
  0x65, 0x79, 0x9d, 0x36, 0x83, 0x25, 0x04, 0x08, 0x17, 0x25, 0x00, 0x00,
  0x13, 0x05, 0x85, 0x79, 0xa1, 0x3e, 0x83, 0xa7, 0x01, 0x15, 0x91, 0xc3,
  0x82, 0x97, 0x01, 0xa0, 0x41, 0x11, 0x06, 0xc6, 0xbd, 0x37, 0x81, 0x47,
  0xb7, 0x06, 0x00, 0x70, 0x38, 0x59, 0x05, 0x8b, 0x19, 0xc3, 0x63, 0x9b,
  0xd7, 0x00, 0x37, 0x07, 0x00, 0x90, 0x33, 0x85, 0xe7, 0x00, 0x13, 0x35,
  0x15, 0x00, 0x33, 0x05, 0xa0, 0x40, 0x82, 0x80, 0x85, 0x07, 0xcd, 0xb7,
  0x01, 0x47, 0xb7, 0x06, 0x00, 0x70, 0x5c, 0x49, 0x93, 0xf7, 0x17, 0x08,
  0x89, 0xe7, 0x3c, 0x59, 0x85, 0x8b, 0x91, 0xe3, 0xd9, 0xb7, 0x5c, 0x49,
  0x1c, 0x41, 0x05, 0x07, 0xe3, 0x15, 0xd7, 0xfe, 0x7d, 0x55, 0x82, 0x80,
  0x41, 0x11, 0x22, 0xc4, 0x26, 0xc2, 0x4a, 0xc0, 0x06, 0xc6, 0xaa, 0x84,
  0x2e, 0x89, 0x32, 0x84, 0xf1, 0x37, 0x05, 0xed, 0x13, 0x56, 0x44, 0x00,
  0xb3, 0x57, 0x26, 0x03, 0xd8, 0x44, 0x13, 0x67, 0x07, 0x08, 0xd8, 0xc4,
  0x33, 0x76, 0x26, 0x03, 0x13, 0x59, 0x19, 0x00, 0x33, 0x36, 0x26, 0x01,
  0x13, 0x36, 0x16, 0x00, 0xb2, 0x97, 0x0b, 0xb7, 0x87, 0x3c, 0xd8, 0xc0,
  0x93, 0xf7, 0xf7, 0x0f, 0x9c, 0xc0, 0xdc, 0x44, 0x93, 0xf7, 0xf7, 0xf7,
  0xdc, 0xc4, 0xb2, 0x40, 0x22, 0x44, 0x92, 0x44, 0x02, 0x49, 0x41, 0x01,
  0x82, 0x80, 0x41, 0x11, 0x22, 0xc4, 0x26, 0xc2, 0x4a, 0xc0, 0x06, 0xc6,
  0x2a, 0x84, 0x2e, 0x89, 0xa5, 0x3f, 0xaa, 0x84, 0x19, 0xe5, 0x85, 0x47,
  0x63, 0x1e, 0xf9, 0x00, 0x5c, 0x44, 0xed, 0x9b, 0x5c, 0xc4, 0x05, 0x45,
  0x4d, 0x29, 0xb2, 0x40, 0x22, 0x44, 0x02, 0x49, 0x26, 0x85, 0x92, 0x44,
  0x41, 0x01, 0x82, 0x80, 0x89, 0x47, 0xe3, 0x16, 0xf9, 0xfe, 0x5c, 0x44,
  0x93, 0xe7, 0x47, 0x00, 0xc5, 0xb7, 0x41, 0x11, 0x22, 0xc4, 0x06, 0xc6,
  0x2a, 0x84, 0x3d, 0x3f, 0x01, 0xe5, 0x5c, 0x44, 0xdd, 0x9b, 0x5c, 0xc4,
  0xb2, 0x40, 0x22, 0x44, 0x41, 0x01, 0x82, 0x80, 0x41, 0x11, 0x22, 0xc4,
  0x06, 0xc6, 0x2a, 0x84, 0x15, 0x37, 0x01, 0xe9, 0x5c, 0x44, 0x93, 0xe7,
  0x87, 0x00, 0x5c, 0xc4, 0x5c, 0x44, 0xbd, 0x9b, 0x5c, 0xc4, 0xb2, 0x40,
  0x22, 0x44, 0x41, 0x01, 0x82, 0x80, 0x41, 0x11, 0x22, 0xc4, 0x06, 0xc6,
  0x2a, 0x84, 0x09, 0x37, 0x09, 0xe9, 0x5c, 0x44, 0x93, 0xe7, 0x87, 0x00,
  0x5c, 0xc4, 0x5c, 0x44, 0x93, 0xe7, 0x07, 0x01, 0x5c, 0xc4, 0xb2, 0x40,
  0x22, 0x44, 0x41, 0x01, 0x82, 0x80, 0x41, 0x11, 0x22, 0xc4, 0x26, 0xc2,
  0x06, 0xc6, 0xaa, 0x84, 0x2e, 0x84, 0xe9, 0x3d, 0xdc, 0x44, 0x93, 0x05,
  0xb4, 0xff, 0x93, 0xf7, 0xc7, 0x0f, 0xdc, 0xc4, 0xdc, 0x44, 0xdd, 0x8d,
  0xcc, 0xc4, 0xb2, 0x40, 0x22, 0x44, 0x92, 0x44, 0x41, 0x01, 0x82, 0x80,
  0x31, 0xc9, 0x41, 0x11, 0x22, 0xc4, 0x2a, 0x86, 0x2a, 0x84, 0x05, 0x45,
  0x06, 0xc6, 0x69, 0x2c, 0x15, 0xed, 0x1c, 0x40, 0x13, 0x07, 0x70, 0x08,
  0x98, 0xc7, 0x23, 0x26, 0x04, 0x02, 0x23, 0x22, 0x04, 0x02, 0x23, 0x24,
  0x04, 0x02, 0x23, 0x20, 0x04, 0x02, 0x23, 0x28, 0x04, 0x02, 0x23, 0x2a,
  0x04, 0x02, 0xd8, 0x43, 0x75, 0x9b, 0xd8, 0xc3, 0xd8, 0x43, 0x69, 0x9b,
  0xd8, 0xc3, 0x98, 0x4b, 0x13, 0x77, 0xf7, 0xfd, 0x98, 0xcb, 0x98, 0x4b,
  0x75, 0x9b, 0x98, 0xcb, 0xb2, 0x40, 0x22, 0x44, 0x41, 0x01, 0x82, 0x80,
  0x7d, 0x55, 0x82, 0x80, 0x01, 0x11, 0x06, 0xce, 0x22, 0xcc, 0x2e, 0xc6,
  0x0d, 0xc1, 0x00, 0x41, 0x03, 0x55, 0x65, 0x00, 0x15, 0x2c, 0xb2, 0x45,
  0x2a, 0x86, 0x22, 0x85, 0x85, 0x3d, 0x33, 0x35, 0xa0, 0x00, 0x33, 0x05,
  0xa0, 0x40, 0xf2, 0x40, 0x62, 0x44, 0x05, 0x61, 0x82, 0x80, 0x7d, 0x55,
  0xdd, 0xbf, 0x49, 0xc9, 0x01, 0x11, 0x26, 0xca, 0x4a, 0xc8, 0x4e, 0xc6,
  0x06, 0xce, 0x22, 0xcc, 0x89, 0x47, 0x00, 0x41, 0xae, 0x84, 0xb2, 0x89,
  0x36, 0x89, 0x63, 0x80, 0xf5, 0x06, 0x63, 0xe2, 0xb7, 0x04, 0x99, 0x45,
  0x91, 0xe0, 0x95, 0x45, 0x22, 0x85, 0x25, 0x37, 0x1d, 0xed, 0x85, 0x47,
  0x63, 0x8a, 0xf9, 0x04, 0x89, 0x47, 0x63, 0x84, 0xf9, 0x04, 0x63, 0x98,
  0x09, 0x02, 0x22, 0x85, 0x4d, 0x3d, 0x05, 0xe5, 0x85, 0x45, 0x63, 0x02,
  0xb9, 0x04, 0x89, 0x47, 0x63, 0x01, 0xf9, 0x04, 0x63, 0x1d, 0x09, 0x00,
  0x22, 0x85, 0xb1, 0x3d, 0x33, 0x35, 0xa0, 0x00, 0x33, 0x05, 0xa0, 0x40,
  0x31, 0xa0, 0x8d, 0x47, 0xa1, 0x45, 0xe3, 0x81, 0xf4, 0xfc, 0x7d, 0x55,
  0xf2, 0x40, 0x62, 0x44, 0xd2, 0x44, 0x42, 0x49, 0xb2, 0x49, 0x05, 0x61,
  0x82, 0x80, 0x9d, 0x45, 0x75, 0xb7, 0x22, 0x85, 0x71, 0x35, 0xc1, 0xb7,
  0x22, 0x85, 0x65, 0x35, 0x6d, 0xbf, 0x89, 0x45, 0xe1, 0xb7, 0xf1, 0xfc,
  0xca, 0x85, 0xc9, 0xb7, 0x7d, 0x55, 0x82, 0x80, 0x0d, 0xc9, 0x14, 0x41,
  0xa9, 0x47, 0x41, 0x11, 0x3e, 0xc6, 0x7d, 0x56, 0xb7, 0x07, 0x00, 0x10,
  0xd8, 0x4a, 0x13, 0x77, 0x07, 0x02, 0x19, 0xeb, 0xfd, 0x17, 0xe3, 0x9b,
  0xc7, 0xfe, 0xb2, 0x47, 0x13, 0x87, 0xf7, 0xff, 0x3a, 0xc6, 0xe5, 0xff,
  0x8c, 0xc2, 0x11, 0xa0, 0xed, 0xfb, 0x41, 0x01, 0x82, 0x80, 0x82, 0x80,
  0xb7, 0x17, 0x44, 0x00, 0x93, 0x87, 0x07, 0x80, 0x73, 0x90, 0x07, 0x7c,
  0x99, 0x67, 0xb1, 0x07, 0x73, 0x90, 0x57, 0x7c, 0x85, 0x67, 0x93, 0x87,
  0xc7, 0x03, 0x73, 0x90, 0x17, 0x7c, 0x82, 0x80, 0x4c, 0xc6, 0x93, 0x87,
  0x41, 0x17, 0x0b, 0xd6, 0xa7, 0x44, 0x82, 0x80, 0x13, 0x87, 0x01, 0x17,
  0x1c, 0x43, 0x85, 0x07, 0x1c, 0xc3, 0x82, 0x80, 0x41, 0x11, 0x22, 0xc4,
  0x26, 0xc2, 0x06, 0xc6, 0x93, 0x84, 0x41, 0x27, 0x9c, 0x40, 0x85, 0x07,
  0x9c, 0xc0, 0x79, 0x20, 0x93, 0x07, 0xf0, 0x03, 0x2a, 0x84, 0x63, 0xfa,
  0xa7, 0x00, 0xaa, 0x85, 0x17, 0x25, 0x00, 0x00, 0x13, 0x05, 0xc5, 0x47,
  0xef, 0xf0, 0xdf, 0x82, 0x01, 0xa0, 0x93, 0x87, 0x41, 0x17, 0x8b, 0xc7,
  0xa7, 0x44, 0x85, 0xcf, 0xd8, 0x47, 0x09, 0xcf, 0x3e, 0x85, 0x02, 0x97,
  0x22, 0x85, 0xa5, 0x20, 0x9c, 0x40, 0xfd, 0x17, 0x9c, 0xc0, 0xb2, 0x40,
  0x22, 0x44, 0x92, 0x44, 0x41, 0x01, 0x82, 0x80, 0x98, 0x4b, 0x01, 0xc7,
  0xcc, 0x4b, 0x02, 0x97, 0xd5, 0xb7, 0xaa, 0x85, 0x17, 0x25, 0x00, 0x00,
  0x13, 0x05, 0x05, 0x46, 0xef, 0xf0, 0xcf, 0xfe, 0x01, 0xa0, 0xaa, 0x85,
  0x17, 0x25, 0x00, 0x00, 0x13, 0x05, 0x45, 0x47, 0xef, 0xf0, 0xcf, 0xfd,
  0x01, 0xa0, 0xb7, 0x07, 0x80, 0xe0, 0x0b, 0x95, 0xa7, 0x04, 0x85, 0x67,
  0x3e, 0x95, 0x83, 0x47, 0x15, 0x00, 0x93, 0xe7, 0x17, 0x00, 0xa3, 0x00,
  0xf5, 0x00, 0x0f, 0x00, 0xf0, 0x0f, 0x0b, 0x00, 0x80, 0x01, 0x82, 0x80,
  0x73, 0x25, 0x20, 0x34, 0x13, 0x75, 0xf5, 0x3f, 0x82, 0x80, 0x82, 0x80,
  0x13, 0x85, 0x41, 0xff, 0x97, 0x25, 0x00, 0x00, 0x93, 0x85, 0x85, 0x75,
  0x63, 0x07, 0xb5, 0x00, 0x13, 0x86, 0x01, 0x00, 0x09, 0x8e, 0x6f, 0x20,
  0x20, 0x1b, 0x82, 0x80, 0x93, 0x85, 0x41, 0xff, 0x97, 0x27, 0x00, 0x00,
  0x93, 0x87, 0xc7, 0x73, 0x63, 0x8e, 0xf5, 0x00, 0x13, 0x87, 0x01, 0x00,
  0x13, 0x85, 0x01, 0x00, 0xba, 0x97, 0x13, 0x86, 0x01, 0x00, 0x09, 0x8e,
  0xb3, 0x85, 0xb7, 0x40, 0x6f, 0x20, 0x80, 0x18, 0x82, 0x80, 0x13, 0x85,
  0x41, 0x00, 0x13, 0x86, 0x81, 0x2e, 0x09, 0x8e, 0x81, 0x45, 0x6f, 0x20,
  0x20, 0x23, 0x41, 0x11, 0x06, 0xc6, 0xc9, 0x38, 0xb2, 0x40, 0x41, 0x01,
  0x3d, 0xa4, 0x03, 0xa5, 0xc1, 0xff, 0x82, 0x80, 0x03, 0xa5, 0xc1, 0xff,
  0x82, 0x80, 0x23, 0xae, 0xa1, 0xfe, 0x82, 0x80, 0x97, 0x27, 0x00, 0x00,
  0x93, 0x87, 0x47, 0x56, 0x0b, 0x37, 0x05, 0x3c, 0x93, 0xf5, 0xf5, 0x0f,
  0x94, 0x43, 0x99, 0xe2, 0x7d, 0x55, 0x82, 0x80, 0x03, 0xd5, 0x87, 0x00,
  0x63, 0x16, 0xe5, 0x00, 0x03, 0xd5, 0x67, 0x00, 0x63, 0x04, 0xb5, 0x00,
  0xb1, 0x07, 0xdd, 0xb7, 0x7d, 0x55, 0x09, 0xce, 0x14, 0xc2, 0x83, 0xd6,
  0x47, 0x00, 0x01, 0x45, 0x23, 0x12, 0xd6, 0x00, 0x83, 0xd7, 0x67, 0x00,
  0x23, 0x14, 0xe6, 0x00, 0x23, 0x13, 0xf6, 0x00, 0x82, 0x80, 0xb7, 0x46,
  0x00, 0xe0, 0x98, 0x42, 0xdc, 0x42, 0x5d, 0x8f, 0x15, 0xc7, 0x98, 0x42,
  0xdc, 0x42, 0x7d, 0x56, 0x63, 0x14, 0xc7, 0x00, 0x63, 0x00, 0xf7, 0x02,
  0xb7, 0x46, 0x00, 0xe0, 0x98, 0x42, 0xdc, 0x42, 0x3a, 0x95, 0x33, 0x36,
  0xe5, 0x00, 0xbe, 0x95, 0x2a, 0x87, 0xb3, 0x07, 0xb6, 0x00, 0x98, 0xc2,
  0xdc, 0xc2, 0x82, 0x80, 0xb7, 0xc7, 0x00, 0xe0, 0x03, 0xa7, 0x87, 0xff,
  0x83, 0xa7, 0xc7, 0xff, 0xb3, 0x06, 0xe5, 0x00, 0x33, 0xb5, 0xa6, 0x00,
  0xbe, 0x95, 0x36, 0x87, 0xb3, 0x07, 0xb5, 0x00, 0xb7, 0x46, 0x00, 0xe0,
  0xe9, 0xbf, 0x13, 0x87, 0xc1, 0x29, 0x1c, 0x43, 0x85, 0x07, 0x1c, 0xc3,
  0x82, 0x80, 0x41, 0x11, 0x06, 0xc6, 0xc5, 0x3f, 0x2d, 0x3f, 0x93, 0x07,
  0x40, 0x06, 0x33, 0x55, 0xf5, 0x02, 0xb2, 0x40, 0x81, 0x45, 0x41, 0x01,
  0x59, 0xb7, 0x41, 0x11, 0x23, 0xae, 0x01, 0x28, 0x22, 0xc4, 0x06, 0xc6,
  0x1d, 0x44, 0x93, 0x87, 0x41, 0x28, 0x23, 0x92, 0x87, 0x00, 0xb7, 0x07,
  0x80, 0xe0, 0xdc, 0x43, 0x37, 0x16, 0x80, 0xe0, 0x03, 0x47, 0xf6, 0x01,
  0x8b, 0xb7, 0x57, 0x61, 0xa1, 0x46, 0x33, 0x17, 0xf7, 0x00, 0x13, 0x77,
  0xf7, 0x0f, 0x33, 0x57, 0xf7, 0x40, 0x9d, 0x8e, 0x89, 0x47, 0xb3, 0x97,
  0xd7, 0x00, 0xd9, 0x8f, 0x93, 0xf7, 0xf7, 0x0f, 0xa3, 0x0f, 0xf6, 0x00,
  0x0f, 0x00, 0xf0, 0x0f, 0x0b, 0x00, 0x80, 0x01, 0x13, 0x86, 0x41, 0x28,
  0x03, 0x55, 0x46, 0x00, 0x97, 0x05, 0x00, 0x00, 0x93, 0x85, 0x25, 0xf9,
  0x55, 0x33, 0xb7, 0xc7, 0x00, 0xe0, 0x03, 0xa6, 0x87, 0xff, 0x83, 0xa6,
  0xc7, 0xff, 0x93, 0x87, 0xc1, 0x27, 0x90, 0xc3, 0xd4, 0xc3, 0xb7, 0x47,
  0x00, 0xe0, 0x81, 0x46, 0x94, 0xc3, 0x01, 0x47, 0xd8, 0xc3, 0x65, 0x35,
  0x93, 0x07, 0x40, 0x06, 0x33, 0x55, 0xf5, 0x02, 0x81, 0x45, 0xe5, 0x3d,
  0x22, 0x85, 0x21, 0x35, 0xb2, 0x40, 0x22, 0x44, 0x01, 0x45, 0x41, 0x01,
  0x82, 0x80, 0x01, 0x11, 0x4a, 0xc8, 0x4e, 0xc6, 0x52, 0xc4, 0x56, 0xc2,
  0x06, 0xce, 0x22, 0xcc, 0x26, 0xca, 0x13, 0x09, 0xf5, 0xff, 0x7d, 0x5a,
  0xb7, 0xc9, 0x00, 0xe0, 0x93, 0x0a, 0x80, 0x3e, 0x63, 0x1b, 0x49, 0x01,
  0xf2, 0x40, 0x62, 0x44, 0xd2, 0x44, 0x42, 0x49, 0xb2, 0x49, 0x22, 0x4a,
  0x92, 0x4a, 0x05, 0x61, 0x82, 0x80, 0x03, 0xa4, 0x89, 0xff, 0x83, 0xa4,
  0xc9, 0xff, 0x81, 0x3d, 0x33, 0x55, 0x55, 0x03, 0x26, 0x86, 0x22, 0x88,
  0x03, 0xa3, 0x89, 0xff, 0x83, 0xa3, 0xc9, 0xff, 0x81, 0x45, 0x63, 0xe6,
  0xc3, 0x00, 0x63, 0x11, 0x76, 0x02, 0x63, 0x7f, 0x03, 0x01, 0x33, 0x07,
  0x64, 0x40, 0xb3, 0x36, 0xe4, 0x00, 0xb3, 0x87, 0x74, 0x40, 0x95, 0x8f,
  0x63, 0x94, 0xf5, 0x00, 0xe3, 0x6c, 0xa7, 0xfc, 0x7d, 0x19, 0x6d, 0xb7,
  0xb3, 0x06, 0x83, 0x40, 0x33, 0x37, 0xd3, 0x00, 0xb3, 0x87, 0x93, 0x40,
  0x99, 0x8f, 0xe3, 0x97, 0xf5, 0xfe, 0xe3, 0xef, 0xa6, 0xfa, 0xdd, 0xb7,
  0x09, 0xa0, 0x41, 0x11, 0x81, 0x45, 0x13, 0x85, 0x01, 0x2a, 0x06, 0xc6,
  0xb1, 0x3e, 0xf1, 0x65, 0x93, 0x85, 0x05, 0x20, 0x13, 0x85, 0x01, 0x2a,
  0x65, 0x36, 0xb2, 0x40, 0x81, 0x46, 0x01, 0x46, 0x8d, 0x45, 0x13, 0x85,
  0x01, 0x2a, 0x41, 0x01, 0xd9, 0xb6, 0x41, 0x11, 0x06, 0xc6, 0x22, 0xc4,
  0xc1, 0x3f, 0x17, 0x25, 0x00, 0x00, 0x13, 0x05, 0x25, 0x1c, 0xef, 0xf0,
  0xaf, 0xd0, 0x13, 0x05, 0x40, 0x06, 0xef, 0xe0, 0x8f, 0xbe, 0x01, 0xed,
  0x17, 0x25, 0x00, 0x00, 0x13, 0x05, 0x45, 0x1c, 0xef, 0xf0, 0x4f, 0xcf,
  0x7d, 0x55, 0xb2, 0x40, 0x22, 0x44, 0x41, 0x01, 0x82, 0x80, 0x2a, 0x84,
  0x17, 0x25, 0x00, 0x00, 0x13, 0x05, 0xc5, 0x1b, 0xef, 0xf0, 0xcf, 0xcd,
  0x22, 0x85, 0xef, 0xe0, 0x0f, 0xbd, 0x17, 0x25, 0x00, 0x00, 0x13, 0x05,
  0x25, 0x1c, 0xef, 0xf0, 0xaf, 0xcc, 0x01, 0x45, 0xd9, 0xbf, 0xaa, 0x88,
  0x2e, 0x83, 0x32, 0x87, 0x2a, 0x88, 0xae, 0x87, 0x63, 0x96, 0x06, 0x20,
  0x97, 0x25, 0x00, 0x00, 0x93, 0x85, 0x85, 0x36, 0x63, 0x71, 0xc3, 0x0c,
  0xc1, 0x66, 0x63, 0x77, 0xd6, 0x0a, 0x93, 0x36, 0x06, 0x10, 0x93, 0xb6,
  0x16, 0x00, 0x8e, 0x06, 0x33, 0x55, 0xd6, 0x00, 0xaa, 0x95, 0x83, 0xc5,
  0x05, 0x00, 0x13, 0x05, 0x00, 0x02, 0xae, 0x96, 0xb3, 0x05, 0xd5, 0x40,
  0x63, 0x0b, 0xd5, 0x00, 0xb3, 0x17, 0xb3, 0x00, 0xb3, 0xd6, 0xd8, 0x00,
  0x33, 0x17, 0xb6, 0x00, 0xd5, 0x8f, 0x33, 0x98, 0xb8, 0x00, 0x93, 0x55,
  0x07, 0x01, 0x33, 0xd3, 0xb7, 0x02, 0x13, 0x16, 0x07, 0x01, 0x41, 0x82,
  0xb3, 0xf7, 0xb7, 0x02, 0x1a, 0x85, 0xb3, 0x08, 0x66, 0x02, 0x93, 0x96,
  0x07, 0x01, 0x93, 0x57, 0x08, 0x01, 0xd5, 0x8f, 0x63, 0xfc, 0x17, 0x01,
  0xba, 0x97, 0x13, 0x05, 0xf3, 0xff, 0x63, 0xe7, 0xe7, 0x00, 0x63, 0xf5,
  0x17, 0x01, 0x13, 0x05, 0xe3, 0xff, 0xba, 0x97, 0xb3, 0x87, 0x17, 0x41,
  0xb3, 0xd8, 0xb7, 0x02, 0x42, 0x08, 0x13, 0x58, 0x08, 0x01, 0xb3, 0xf7,
  0xb7, 0x02, 0xb3, 0x06, 0x16, 0x03, 0xc2, 0x07, 0x33, 0x68, 0xf8, 0x00,
  0xc6, 0x87, 0x63, 0x7b, 0xd8, 0x00, 0x3a, 0x98, 0x93, 0x87, 0xf8, 0xff,
  0x63, 0x66, 0xe8, 0x00, 0x63, 0x74, 0xd8, 0x00, 0x93, 0x87, 0xe8, 0xff,
  0x42, 0x05, 0x5d, 0x8d, 0x81, 0x45, 0x82, 0x80, 0x37, 0x05, 0x00, 0x01,
  0xe1, 0x46, 0xe3, 0x7d, 0xa6, 0xf4, 0xc1, 0x46, 0x91, 0xbf, 0x81, 0x46,
  0x09, 0xca, 0xc1, 0x67, 0x63, 0x7f, 0xf6, 0x08, 0x93, 0x36, 0x06, 0x10,
  0x93, 0xb6, 0x16, 0x00, 0x8e, 0x06, 0xb3, 0x57, 0xd6, 0x00, 0xbe, 0x95,
  0x83, 0xc7, 0x05, 0x00, 0xb6, 0x97, 0x93, 0x06, 0x00, 0x02, 0xb3, 0x85,
  0xf6, 0x40, 0x63, 0x95, 0xf6, 0x08, 0xb3, 0x07, 0xc3, 0x40, 0x85, 0x45,
  0x93, 0x58, 0x07, 0x01, 0x33, 0xde, 0x17, 0x03, 0x13, 0x16, 0x07, 0x01,
  0x41, 0x82, 0x93, 0x56, 0x08, 0x01, 0xb3, 0xf7, 0x17, 0x03, 0x72, 0x85,
  0x33, 0x03, 0xc6, 0x03, 0xc2, 0x07, 0xd5, 0x8f, 0x63, 0xfc, 0x67, 0x00,
  0xba, 0x97, 0x13, 0x05, 0xfe, 0xff, 0x63, 0xe7, 0xe7, 0x00, 0x63, 0xf5,
  0x67, 0x00, 0x13, 0x05, 0xee, 0xff, 0xba, 0x97, 0xb3, 0x87, 0x67, 0x40,
  0x33, 0xd3, 0x17, 0x03, 0x42, 0x08, 0x13, 0x58, 0x08, 0x01, 0xb3, 0xf7,
  0x17, 0x03, 0xb3, 0x06, 0x66, 0x02, 0xc2, 0x07, 0x33, 0x68, 0xf8, 0x00,
  0x9a, 0x87, 0x63, 0x7b, 0xd8, 0x00, 0x3a, 0x98, 0x93, 0x07, 0xf3, 0xff,
  0x63, 0x66, 0xe8, 0x00, 0x63, 0x74, 0xd8, 0x00, 0x93, 0x07, 0xe3, 0xff,
  0x42, 0x05, 0x5d, 0x8d, 0x82, 0x80, 0xb7, 0x07, 0x00, 0x01, 0xe1, 0x46,
  0xe3, 0x75, 0xf6, 0xf6, 0xc1, 0x46, 0x95, 0xb7, 0x33, 0x17, 0xb6, 0x00,
  0xb3, 0x56, 0xf3, 0x00, 0x13, 0x55, 0x07, 0x01, 0x33, 0x13, 0xb3, 0x00,
  0xb3, 0xd7, 0xf8, 0x00, 0xb3, 0xe7, 0x67, 0x00, 0x33, 0xd3, 0xa6, 0x02,
  0x13, 0x16, 0x07, 0x01, 0x41, 0x82, 0x33, 0x98, 0xb8, 0x00, 0xb3, 0xf6,
  0xa6, 0x02, 0xb3, 0x08, 0x66, 0x02, 0x93, 0x95, 0x06, 0x01, 0x93, 0xd6,
  0x07, 0x01, 0xcd, 0x8e, 0x9a, 0x85, 0x63, 0xfc, 0x16, 0x01, 0xba, 0x96,
  0x93, 0x05, 0xf3, 0xff, 0x63, 0xe7, 0xe6, 0x00, 0x63, 0xf5, 0x16, 0x01,
  0x93, 0x05, 0xe3, 0xff, 0xba, 0x96, 0xb3, 0x86, 0x16, 0x41, 0xb3, 0xd8,
  0xa6, 0x02, 0xc2, 0x07, 0xc1, 0x83, 0xb3, 0xf6, 0xa6, 0x02, 0x33, 0x06,
  0x16, 0x03, 0xc2, 0x06, 0xd5, 0x8f, 0xc6, 0x86, 0x63, 0xfc, 0xc7, 0x00,
  0xba, 0x97, 0x93, 0x86, 0xf8, 0xff, 0x63, 0xe7, 0xe7, 0x00, 0x63, 0xf5,
  0xc7, 0x00, 0x93, 0x86, 0xe8, 0xff, 0xba, 0x97, 0xc2, 0x05, 0x91, 0x8f,
  0xd5, 0x8d, 0xdd, 0xbd, 0x63, 0xef, 0xd5, 0x12, 0xc1, 0x67, 0x63, 0xff,
  0xf6, 0x02, 0x93, 0xb7, 0x06, 0x10, 0x93, 0xb7, 0x17, 0x00, 0x8e, 0x07,
  0xb3, 0xd5, 0xf6, 0x00, 0x17, 0x27, 0x00, 0x00, 0x13, 0x07, 0x87, 0x14,
  0x2e, 0x97, 0x03, 0x47, 0x07, 0x00, 0x3e, 0x97, 0x93, 0x07, 0x00, 0x02,
  0xb3, 0x85, 0xe7, 0x40, 0x63, 0x91, 0xe7, 0x02, 0x05, 0x45, 0xe3, 0xee,
  0x66, 0xe6, 0x33, 0xb5, 0xc8, 0x00, 0x13, 0x35, 0x15, 0x00, 0x82, 0x80,
  0x37, 0x07, 0x00, 0x01, 0xe1, 0x47, 0xe3, 0xf5, 0xe6, 0xfc, 0xc1, 0x47,
  0xd1, 0xb7, 0x33, 0x55, 0xe6, 0x00, 0xb3, 0x96, 0xb6, 0x00, 0xb3, 0x57,
  0xe3, 0x00, 0x55, 0x8d, 0x33, 0x13, 0xb3, 0x00, 0x33, 0xd7, 0xe8, 0x00,
  0x33, 0x67, 0x67, 0x00, 0x13, 0x53, 0x05, 0x01, 0xb3, 0xde, 0x67, 0x02,
  0x13, 0x18, 0x05, 0x01, 0x13, 0x58, 0x08, 0x01, 0x93, 0x56, 0x07, 0x01,
  0x33, 0x16, 0xb6, 0x00, 0xb3, 0xf7, 0x67, 0x02, 0x33, 0x0e, 0xd8, 0x03,
  0xc2, 0x07, 0xdd, 0x8e, 0xf6, 0x87, 0x63, 0xfc, 0xc6, 0x01, 0xaa, 0x96,
  0x93, 0x87, 0xfe, 0xff, 0x63, 0xe7, 0xa6, 0x00, 0x63, 0xf5, 0xc6, 0x01,
  0x93, 0x87, 0xee, 0xff, 0xaa, 0x96, 0xb3, 0x86, 0xc6, 0x41, 0x33, 0xde,
  0x66, 0x02, 0x42, 0x07, 0x41, 0x83, 0xb3, 0xf6, 0x66, 0x02, 0x33, 0x08,
  0xc8, 0x03, 0xc2, 0x06, 0x55, 0x8f, 0xf2, 0x86, 0x63, 0x7c, 0x07, 0x01,
  0x2a, 0x97, 0x93, 0x06, 0xfe, 0xff, 0x63, 0x67, 0xa7, 0x00, 0x63, 0x75,
  0x07, 0x01, 0x93, 0x06, 0xee, 0xff, 0x2a, 0x97, 0xc2, 0x07, 0x33, 0xe5,
  0xd7, 0x00, 0x13, 0x13, 0x06, 0x01, 0xc2, 0x06, 0xc1, 0x82, 0x13, 0x53,
  0x03, 0x01, 0x41, 0x82, 0x33, 0x07, 0x07, 0x41, 0x13, 0x58, 0x05, 0x01,
  0x33, 0x8e, 0x66, 0x02, 0x33, 0x03, 0x68, 0x02, 0x93, 0x57, 0x0e, 0x01,
  0xb3, 0x86, 0xc6, 0x02, 0x9a, 0x96, 0xb6, 0x97, 0x33, 0x08, 0xc8, 0x02,
  0x63, 0xf4, 0x67, 0x00, 0xc1, 0x66, 0x36, 0x98, 0x93, 0xd6, 0x07, 0x01,
  0xc2, 0x96, 0x63, 0x6e, 0xd7, 0x00, 0xe3, 0x17, 0xd7, 0xd8, 0x42, 0x0e,
  0xc2, 0x07, 0x13, 0x5e, 0x0e, 0x01, 0xb3, 0x98, 0xb8, 0x00, 0xf2, 0x97,
  0x81, 0x45, 0xe3, 0xfe, 0xf8, 0xd6, 0x7d, 0x15, 0x95, 0xbb, 0x81, 0x45,
  0x01, 0x45, 0x82, 0x80, 0x32, 0x88, 0xaa, 0x87, 0x2e, 0x87, 0x63, 0x93,
  0x06, 0x1a, 0x97, 0x28, 0x00, 0x00, 0x93, 0x88, 0x28, 0x01, 0x63, 0xf6,
  0xc5, 0x0a, 0xc1, 0x66, 0x63, 0x7c, 0xd6, 0x08, 0x93, 0x36, 0x06, 0x10,
  0x93, 0xb6, 0x16, 0x00, 0x8e, 0x06, 0x33, 0x53, 0xd6, 0x00, 0x9a, 0x98,
  0x83, 0xc8, 0x08, 0x00, 0x13, 0x03, 0x00, 0x02, 0xc6, 0x96, 0xb3, 0x08,
  0xd3, 0x40, 0x63, 0x0b, 0xd3, 0x00, 0x33, 0x97, 0x15, 0x01, 0xb3, 0x56,
  0xd5, 0x00, 0x33, 0x18, 0x16, 0x01, 0x55, 0x8f, 0xb3, 0x17, 0x15, 0x01,
  0x13, 0x56, 0x08, 0x01, 0xb3, 0x56, 0xc7, 0x02, 0x13, 0x15, 0x08, 0x01,
  0x41, 0x81, 0x33, 0x77, 0xc7, 0x02, 0xb3, 0x86, 0xa6, 0x02, 0x93, 0x15,
  0x07, 0x01, 0x13, 0xd7, 0x07, 0x01, 0x4d, 0x8f, 0x63, 0x78, 0xd7, 0x00,
  0x42, 0x97, 0x63, 0x65, 0x07, 0x01, 0x63, 0x73, 0xd7, 0x00, 0x42, 0x97,
  0x15, 0x8f, 0xb3, 0x56, 0xc7, 0x02, 0x33, 0x77, 0xc7, 0x02, 0xb3, 0x86,
  0xa6, 0x02, 0xc2, 0x07, 0x42, 0x07, 0xc1, 0x83, 0xd9, 0x8f, 0x63, 0xf8,
  0xd7, 0x00, 0xc2, 0x97, 0x63, 0xe5, 0x07, 0x01, 0x63, 0xf3, 0xd7, 0x00,
  0xc2, 0x97, 0x95, 0x8f, 0x33, 0xd5, 0x17, 0x01, 0x81, 0x45, 0x82, 0x80,
  0x37, 0x03, 0x00, 0x01, 0xe1, 0x46, 0xe3, 0x78, 0x66, 0xf6, 0xc1, 0x46,
  0xad, 0xb7, 0x81, 0x46, 0x09, 0xca, 0x41, 0x67, 0x63, 0x74, 0xe6, 0x06,
  0x93, 0x36, 0x06, 0x10, 0x93, 0xb6, 0x16, 0x00, 0x8e, 0x06, 0x33, 0x57,
  0xd6, 0x00, 0xba, 0x98, 0x03, 0xc7, 0x08, 0x00, 0x36, 0x97, 0x93, 0x06,
  0x00, 0x02, 0xb3, 0x88, 0xe6, 0x40, 0x63, 0x9a, 0xe6, 0x04, 0x33, 0x87,
  0xc5, 0x40, 0x93, 0x55, 0x08, 0x01, 0x33, 0x56, 0xb7, 0x02, 0x13, 0x15,
  0x08, 0x01, 0x41, 0x81, 0x93, 0xd6, 0x07, 0x01, 0x33, 0x77, 0xb7, 0x02,
  0x33, 0x06, 0xa6, 0x02, 0x42, 0x07, 0x55, 0x8f, 0x63, 0x78, 0xc7, 0x00,
  0x42, 0x97, 0x63, 0x65, 0x07, 0x01, 0x63, 0x73, 0xc7, 0x00, 0x42, 0x97,
  0x11, 0x8f, 0xb3, 0x56, 0xb7, 0x02, 0x33, 0x77, 0xb7, 0x02, 0xb3, 0x86,
  0xa6, 0x02, 0x95, 0xb7, 0x37, 0x07, 0x00, 0x01, 0xe1, 0x46, 0xe3, 0x70,
  0xe6, 0xfa, 0xc1, 0x46, 0x69, 0xbf, 0x33, 0x18, 0x16, 0x01, 0xb3, 0xd6,
  0xe5, 0x00, 0xb3, 0x17, 0x15, 0x01, 0xb3, 0x95, 0x15, 0x01, 0x33, 0x57,
  0xe5, 0x00, 0x13, 0x55, 0x08, 0x01, 0x4d, 0x8f, 0xb3, 0xd5, 0xa6, 0x02,
  0x13, 0x13, 0x08, 0x01, 0x13, 0x53, 0x03, 0x01, 0xb3, 0xf6, 0xa6, 0x02,
  0xb3, 0x85, 0x65, 0x02, 0x13, 0x96, 0x06, 0x01, 0x93, 0x56, 0x07, 0x01,
  0xd1, 0x8e, 0x63, 0xf8, 0xb6, 0x00, 0xc2, 0x96, 0x63, 0xe5, 0x06, 0x01,
  0x63, 0xf3, 0xb6, 0x00, 0xc2, 0x96, 0x8d, 0x8e, 0x33, 0xd6, 0xa6, 0x02,
  0x42, 0x07, 0x41, 0x83, 0xb3, 0xf6, 0xa6, 0x02, 0x33, 0x06, 0x66, 0x02,
  0xc2, 0x06, 0x55, 0x8f, 0x63, 0x78, 0xc7, 0x00, 0x42, 0x97, 0x63, 0x65,
  0x07, 0x01, 0x63, 0x73, 0xc7, 0x00, 0x42, 0x97, 0x11, 0x8f, 0x91, 0xb7,
  0x63, 0xea, 0xd5, 0x16, 0x41, 0x68, 0x63, 0xf7, 0x06, 0x05, 0x13, 0xb8,
  0x06, 0x10, 0x13, 0x38, 0x18, 0x00, 0x0e, 0x08, 0x33, 0xd3, 0x06, 0x01,
  0x97, 0x28, 0x00, 0x00, 0x93, 0x88, 0x88, 0xe5, 0x9a, 0x98, 0x83, 0xc8,
  0x08, 0x00, 0x13, 0x03, 0x00, 0x02, 0xc2, 0x98, 0x33, 0x08, 0x13, 0x41,
  0x63, 0x19, 0x13, 0x03, 0x63, 0xe4, 0xb6, 0x00, 0x63, 0x6b, 0xc5, 0x00,
  0x33, 0x06, 0xc5, 0x40, 0xb3, 0x86, 0xd5, 0x40, 0x33, 0x37, 0xc5, 0x00,
  0xb2, 0x87, 0x33, 0x87, 0xe6, 0x40, 0x3e, 0x85, 0xba, 0x85, 0x82, 0x80,
  0xb7, 0x08, 0x00, 0x01, 0x61, 0x48, 0xe3, 0xfd, 0x16, 0xfb, 0x41, 0x48,
  0x55, 0xbf, 0xb3, 0x57, 0x16, 0x01, 0xb3, 0x96, 0x06, 0x01, 0xdd, 0x8e,
  0x33, 0xd7, 0x15, 0x01, 0x13, 0xd3, 0x06, 0x01, 0x33, 0x5f, 0x67, 0x02,
  0x13, 0x9e, 0x06, 0x01, 0x13, 0x5e, 0x0e, 0x01, 0xb3, 0x97, 0x05, 0x01,
  0xb3, 0x55, 0x15, 0x01, 0xdd, 0x8d, 0x93, 0xd7, 0x05, 0x01, 0x33, 0x16,
  0x06, 0x01, 0x33, 0x15, 0x05, 0x01, 0x33, 0x77, 0x67, 0x02, 0xb3, 0x0e,
  0xee, 0x03, 0x42, 0x07, 0xd9, 0x8f, 0x7a, 0x87, 0x63, 0xfc, 0xd7, 0x01,
  0xb6, 0x97, 0x13, 0x07, 0xff, 0xff, 0x63, 0xe7, 0xd7, 0x00, 0x63, 0xf5,
  0xd7, 0x01, 0x13, 0x07, 0xef, 0xff, 0xb6, 0x97, 0xb3, 0x87, 0xd7, 0x41,
  0xb3, 0xde, 0x67, 0x02, 0xc2, 0x05, 0xc1, 0x81, 0xb3, 0xf7, 0x67, 0x02,
  0x76, 0x83, 0x33, 0x0e, 0xde, 0x03, 0xc2, 0x07, 0xdd, 0x8d, 0x63, 0xfc,
  0xc5, 0x01, 0xb6, 0x95, 0x13, 0x83, 0xfe, 0xff, 0x63, 0xe7, 0xd5, 0x00,
  0x63, 0xf5, 0xc5, 0x01, 0x13, 0x83, 0xee, 0xff, 0xb6, 0x95, 0x93, 0x17,
  0x07, 0x01, 0xb3, 0xe7, 0x67, 0x00, 0xb3, 0x85, 0xc5, 0x41, 0x42, 0x03,
  0x13, 0x1e, 0x06, 0x01, 0x13, 0x57, 0x06, 0x01, 0x13, 0x53, 0x03, 0x01,
  0xc1, 0x83, 0x13, 0x5e, 0x0e, 0x01, 0xb3, 0x0e, 0xc3, 0x03, 0x33, 0x8e,
  0xc7, 0x03, 0x33, 0x03, 0xe3, 0x02, 0xb3, 0x87, 0xe7, 0x02, 0x72, 0x93,
  0x13, 0xd7, 0x0e, 0x01, 0x1a, 0x97, 0x63, 0x74, 0xc7, 0x01, 0x41, 0x63,
  0x9a, 0x97, 0x13, 0x53, 0x07, 0x01, 0xc2, 0x0e, 0x42, 0x07, 0x93, 0xde,
  0x0e, 0x01, 0x9a, 0x97, 0x76, 0x97, 0x63, 0xe6, 0xf5, 0x00, 0x63, 0x9b,
  0xf5, 0x00, 0x63, 0x79, 0xe5, 0x00, 0x33, 0x06, 0xc7, 0x40, 0x33, 0x33,
  0xc7, 0x00, 0x9a, 0x96, 0x32, 0x87, 0x95, 0x8f, 0x33, 0x07, 0xe5, 0x40,
  0x33, 0x35, 0xe5, 0x00, 0x9d, 0x8d, 0x89, 0x8d, 0xb3, 0x98, 0x15, 0x01,
  0x33, 0x57, 0x07, 0x01, 0x33, 0xe5, 0xe8, 0x00, 0xb3, 0xd5, 0x05, 0x01,
  0x82, 0x80, 0x37, 0x08, 0x10, 0x00, 0x7d, 0x18, 0x01, 0x11, 0xb3, 0x78,
  0xb8, 0x00, 0x13, 0xd7, 0x45, 0x01, 0x33, 0x78, 0xd8, 0x00, 0x13, 0xd3,
  0x46, 0x01, 0x93, 0x57, 0xd5, 0x01, 0x0e, 0x08, 0x26, 0xca, 0x4a, 0xc8,
  0x93, 0xd4, 0xf5, 0x01, 0x13, 0x79, 0xf7, 0x7f, 0x13, 0x73, 0xf3, 0x7f,
  0x13, 0x97, 0x38, 0x00, 0x06, 0xce, 0x93, 0x58, 0xd6, 0x01, 0x22, 0xcc,
  0x4e, 0xc6, 0xfd, 0x82, 0xb3, 0xe8, 0x08, 0x01, 0xd9, 0x8f, 0x0e, 0x05,
  0x0e, 0x06, 0x33, 0x08, 0x69, 0x40, 0x93, 0x05, 0xf0, 0x7f, 0x63, 0x96,
  0xd4, 0x26, 0x63, 0x5c, 0x00, 0x11, 0x63, 0x19, 0x03, 0x06, 0x33, 0xe7,
  0xc8, 0x00, 0x05, 0xc3, 0x13, 0x08, 0xf9, 0xff, 0x63, 0x1b, 0x08, 0x00,
  0x2a, 0x96, 0x33, 0x37, 0xa6, 0x00, 0xbe, 0x98, 0x32, 0x85, 0xb3, 0x87,
  0xe8, 0x00, 0x05, 0x49, 0x59, 0xa8, 0x63, 0x1d, 0xb9, 0x04, 0x93, 0x96,
  0xd7, 0x01, 0x0d, 0x81, 0x13, 0x07, 0xf0, 0x7f, 0xc9, 0x8e, 0x8d, 0x83,
  0x63, 0x19, 0xe9, 0x00, 0xdd, 0x8e, 0x81, 0x47, 0x89, 0xc6, 0xb7, 0x07,
  0x08, 0x00, 0x81, 0x46, 0x81, 0x44, 0x13, 0x17, 0x49, 0x01, 0x37, 0x06,
  0xf0, 0x7f, 0xb2, 0x07, 0x71, 0x8f, 0xf2, 0x40, 0x62, 0x44, 0xb1, 0x83,
  0xd9, 0x8f, 0x13, 0x97, 0xf4, 0x01, 0x33, 0xe6, 0xe7, 0x00, 0xd2, 0x44,
  0x42, 0x49, 0xb2, 0x49, 0x36, 0x85, 0xb2, 0x85, 0x05, 0x61, 0x82, 0x80,
  0xe3, 0x0b, 0xb9, 0xfa, 0x37, 0x07, 0x80, 0x00, 0xb3, 0xe8, 0xe8, 0x00,
  0x13, 0x07, 0x80, 0x03, 0x63, 0x44, 0x07, 0x09, 0x7d, 0x47, 0x93, 0x05,
  0x00, 0x02, 0x63, 0x4c, 0x07, 0x05, 0xb3, 0x85, 0x05, 0x41, 0x33, 0x97,
  0xb8, 0x00, 0xb3, 0x56, 0x06, 0x01, 0xb3, 0x15, 0xb6, 0x00, 0x55, 0x8f,
  0xb3, 0x35, 0xb0, 0x00, 0x4d, 0x8f, 0x33, 0xd8, 0x08, 0x01, 0x3a, 0x95,
  0x3e, 0x98, 0x33, 0x37, 0xe5, 0x00, 0xb3, 0x07, 0xe8, 0x00, 0x13, 0x97,
  0x87, 0x00, 0x63, 0x58, 0x07, 0x16, 0x05, 0x09, 0x13, 0x07, 0xf0, 0x7f,
  0x63, 0x09, 0xe9, 0x48, 0x37, 0x07, 0x80, 0xff, 0x7d, 0x17, 0xf9, 0x8f,
  0x13, 0x57, 0x15, 0x00, 0x05, 0x89, 0x49, 0x8f, 0x13, 0x95, 0xf7, 0x01,
  0x59, 0x8d, 0x85, 0x83, 0xa9, 0xa2, 0x13, 0x07, 0x08, 0xfe, 0x33, 0xd7,
  0xe8, 0x00, 0x81, 0x46, 0x63, 0x08, 0xb8, 0x00, 0x93, 0x06, 0x00, 0x04,
  0xb3, 0x86, 0x06, 0x41, 0xb3, 0x96, 0xd8, 0x00, 0xd1, 0x8e, 0xb3, 0x36,
  0xd0, 0x00, 0x55, 0x8f, 0x01, 0x48, 0x55, 0xb7, 0x33, 0xe7, 0xc8, 0x00,
  0x33, 0x37, 0xe0, 0x00, 0xd5, 0xbf, 0x63, 0x01, 0x08, 0x0a, 0x33, 0x07,
  0x23, 0x41, 0x63, 0x1f, 0x09, 0x00, 0xb3, 0xe6, 0xa7, 0x00, 0x99, 0xc6,
  0x93, 0x06, 0xf7, 0xff, 0xe3, 0x84, 0x06, 0xee, 0x63, 0x1c, 0xb7, 0x00,
  0xc6, 0x87, 0x32, 0x85, 0x3a, 0x89, 0xc5, 0xbd, 0x63, 0x02, 0xb3, 0x42,
  0xb7, 0x06, 0x80, 0x00, 0xd5, 0x8f, 0xba, 0x86, 0x13, 0x07, 0x80, 0x03,
  0x63, 0x41, 0xd7, 0x06, 0x7d, 0x47, 0x13, 0x08, 0x00, 0x02, 0x63, 0x4a,
  0xd7, 0x02, 0x33, 0x08, 0xd8, 0x40, 0x33, 0x97, 0x07, 0x01, 0xb3, 0x55,
  0xd5, 0x00, 0x33, 0x18, 0x05, 0x01, 0x4d, 0x8f, 0x33, 0x38, 0x00, 0x01,
  0x33, 0x67, 0x07, 0x01, 0xb3, 0xd6, 0xd7, 0x00, 0x3a, 0x96, 0xc6, 0x96,
  0x33, 0x37, 0xe6, 0x00, 0x32, 0x85, 0xb3, 0x87, 0xe6, 0x00, 0x1a, 0x89,
  0x0d, 0xbf, 0x13, 0x87, 0x06, 0xfe, 0x33, 0xd7, 0xe7, 0x00, 0x81, 0x45,
  0x63, 0x87, 0x06, 0x01, 0x93, 0x05, 0x00, 0x04, 0x95, 0x8d, 0xb3, 0x95,
  0xb7, 0x00, 0xc9, 0x8d, 0xb3, 0x35, 0xb0, 0x00, 0x4d, 0x8f, 0x81, 0x46,
  0xf1, 0xb7, 0x33, 0xe7, 0xa7, 0x00, 0x33, 0x37, 0xe0, 0x00, 0xd5, 0xbf,
  0x13, 0x07, 0x19, 0x00, 0x93, 0x76, 0xe7, 0x7f, 0xa9, 0xea, 0x33, 0xe7,
  0xa7, 0x00, 0x63, 0x1a, 0x09, 0x02, 0x63, 0x0f, 0x07, 0x36, 0x33, 0xe7,
  0xc8, 0x00, 0x63, 0x0d, 0x07, 0x36, 0x33, 0x07, 0xc5, 0x00, 0xbe, 0x98,
  0xb3, 0x37, 0xa7, 0x00, 0xc6, 0x97, 0x93, 0x96, 0x87, 0x00, 0x3a, 0x86,
  0x63, 0xdc, 0x06, 0x24, 0xb7, 0x06, 0x80, 0xff, 0xfd, 0x16, 0xf5, 0x8f,
  0x3a, 0x85, 0x05, 0x49, 0x0d, 0xbd, 0x63, 0x0b, 0x07, 0x34, 0x33, 0xe6,
  0xc8, 0x00, 0x2e, 0x89, 0xe3, 0x03, 0x06, 0xe2, 0x81, 0x44, 0xb7, 0x07,
  0x40, 0x00, 0x01, 0x45, 0x29, 0xbd, 0x63, 0x03, 0xb7, 0x34, 0x2a, 0x96,
  0x33, 0x35, 0xa6, 0x00, 0xbe, 0x98, 0xaa, 0x98, 0x13, 0x95, 0xf8, 0x01,
  0x05, 0x82, 0x51, 0x8d, 0x93, 0xd7, 0x18, 0x00, 0x3a, 0x89, 0x13, 0x77,
  0x75, 0x00, 0x01, 0xcf, 0x13, 0x77, 0xf5, 0x00, 0x91, 0x46, 0x63, 0x08,
  0xd7, 0x00, 0x33, 0x07, 0xd5, 0x00, 0xb3, 0x36, 0xa7, 0x00, 0xb6, 0x97,
  0x3a, 0x85, 0x13, 0x97, 0x87, 0x00, 0xe3, 0x5e, 0x07, 0xdc, 0x05, 0x09,
  0x13, 0x07, 0xf0, 0x7f, 0x63, 0x01, 0xe9, 0x30, 0x37, 0x07, 0x80, 0xff,
  0x7d, 0x17, 0xf9, 0x8f, 0xd9, 0xb3, 0x63, 0x52, 0x00, 0x0d, 0x63, 0x11,
  0x03, 0x08, 0x33, 0xe7, 0xc8, 0x00, 0xe3, 0x0c, 0x07, 0xda, 0x13, 0x08,
  0xf9, 0xff, 0x63, 0x1d, 0x08, 0x00, 0x33, 0x06, 0xc5, 0x40, 0x33, 0x37,
  0xc5, 0x00, 0xb3, 0x88, 0x17, 0x41, 0x32, 0x85, 0xb3, 0x87, 0xe8, 0x40,
  0x05, 0x49, 0x99, 0xa0, 0xe3, 0x0b, 0xb9, 0xd8, 0x13, 0x07, 0x80, 0x03,
  0x63, 0x42, 0x07, 0x09, 0x7d, 0x47, 0x93, 0x05, 0x00, 0x02, 0x63, 0x4a,
  0x07, 0x05, 0xb3, 0x85, 0x05, 0x41, 0x33, 0x97, 0xb8, 0x00, 0xb3, 0x56,
  0x06, 0x01, 0xb3, 0x15, 0xb6, 0x00, 0x55, 0x8f, 0xb3, 0x35, 0xb0, 0x00,
  0x4d, 0x8f, 0x33, 0xd8, 0x08, 0x01, 0x33, 0x07, 0xe5, 0x40, 0xb3, 0x36,
  0xe5, 0x00, 0x33, 0x88, 0x07, 0x41, 0x3a, 0x85, 0xb3, 0x07, 0xd8, 0x40,
  0x13, 0x97, 0x87, 0x00, 0xe3, 0x59, 0x07, 0xf4, 0x37, 0x04, 0x80, 0x00,
  0x7d, 0x14, 0x7d, 0x8c, 0xaa, 0x89, 0x4d, 0xaa, 0xe3, 0x0f, 0xb9, 0xd2,
  0x37, 0x07, 0x80, 0x00, 0xb3, 0xe8, 0xe8, 0x00, 0x45, 0xb7, 0x13, 0x07,
  0x08, 0xfe, 0x33, 0xd7, 0xe8, 0x00, 0x81, 0x46, 0x63, 0x08, 0xb8, 0x00,
  0x93, 0x06, 0x00, 0x04, 0xb3, 0x86, 0x06, 0x41, 0xb3, 0x96, 0xd8, 0x00,
  0xd1, 0x8e, 0xb3, 0x36, 0xd0, 0x00, 0x55, 0x8f, 0x01, 0x48, 0x65, 0xb7,
  0x33, 0xe7, 0xc8, 0x00, 0x33, 0x37, 0xe0, 0x00, 0xd5, 0xbf, 0x63, 0x02,
  0x08, 0x0c, 0x33, 0x08, 0x23, 0x41, 0x63, 0x19, 0x09, 0x02, 0x33, 0xe7,
  0xa7, 0x00, 0x05, 0xc3, 0x13, 0x07, 0xf8, 0xff, 0x19, 0xeb, 0x33, 0x05,
  0xa6, 0x40, 0xb3, 0x88, 0xf8, 0x40, 0x33, 0x36, 0xa6, 0x00, 0xb3, 0x87,
  0xc8, 0x40, 0xb6, 0x84, 0x35, 0xbf, 0x63, 0x1d, 0xb8, 0x00, 0xb6, 0x84,
  0xc6, 0x87, 0x32, 0x85, 0x42, 0x89, 0xe1, 0xb1, 0x63, 0x0d, 0xb3, 0x1e,
  0x37, 0x07, 0x80, 0x00, 0xd9, 0x8f, 0x42, 0x87, 0x93, 0x05, 0x80, 0x03,
  0x63, 0xc8, 0xe5, 0x06, 0xfd, 0x45, 0x13, 0x0e, 0x00, 0x02, 0x63, 0xce,
  0xe5, 0x02, 0x33, 0x0e, 0xee, 0x40, 0xb3, 0x95, 0xc7, 0x01, 0x33, 0x58,
  0xe5, 0x00, 0x33, 0x1e, 0xc5, 0x01, 0xb3, 0xe5, 0x05, 0x01, 0x33, 0x3e,
  0xc0, 0x01, 0xb3, 0xe5, 0xc5, 0x01, 0x33, 0xd7, 0xe7, 0x00, 0xb3, 0x05,
  0xb6, 0x40, 0x33, 0x87, 0xe8, 0x40, 0x33, 0x36, 0xb6, 0x00, 0x2e, 0x85,
  0xb3, 0x07, 0xc7, 0x40, 0x1a, 0x89, 0xb6, 0x84, 0x05, 0xb7, 0x93, 0x05,
  0x07, 0xfe, 0xb3, 0xd5, 0xb7, 0x00, 0x01, 0x48, 0x63, 0x08, 0xc7, 0x01,
  0x13, 0x08, 0x00, 0x04, 0x33, 0x08, 0xe8, 0x40, 0x33, 0x98, 0x07, 0x01,
  0x33, 0x68, 0xa8, 0x00, 0x33, 0x38, 0x00, 0x01, 0xb3, 0xe5, 0x05, 0x01,
  0x01, 0x47, 0xc1, 0xb7, 0xb3, 0xe5, 0xa7, 0x00, 0xb3, 0x35, 0xb0, 0x00,
  0xd5, 0xbf, 0x13, 0x07, 0x19, 0x00, 0x13, 0x77, 0xe7, 0x7f, 0x3d, 0xef,
  0x33, 0xe8, 0xa7, 0x00, 0x33, 0xe7, 0xc8, 0x00, 0x63, 0x1d, 0x09, 0x04,
  0x63, 0x16, 0x08, 0x00, 0xc6, 0x87, 0x15, 0xeb, 0x81, 0x44, 0xb1, 0xa2,
  0x63, 0x0e, 0x07, 0x12, 0xb3, 0x05, 0xc5, 0x40, 0x33, 0x38, 0xb5, 0x00,
  0x33, 0x87, 0x17, 0x41, 0x33, 0x07, 0x07, 0x41, 0x13, 0x18, 0x87, 0x00,
  0x63, 0x52, 0x08, 0x02, 0x33, 0x05, 0xa6, 0x40, 0x33, 0x37, 0xa6, 0x00,
  0xb3, 0x88, 0xf8, 0x40, 0x2a, 0x86, 0xb3, 0x87, 0xe8, 0x40, 0xb6, 0x84,
  0x33, 0xe5, 0xc7, 0x00, 0x4d, 0xc9, 0x32, 0x85, 0x01, 0x49, 0xd5, 0xb3,
  0x33, 0xe5, 0xe5, 0x00, 0x63, 0x0c, 0x05, 0x10, 0xba, 0x87, 0x2e, 0x86,
  0xe5, 0xb7, 0x63, 0x19, 0x08, 0x00, 0xb6, 0x84, 0x65, 0xeb, 0x81, 0x44,
  0xb7, 0x07, 0x40, 0x00, 0x01, 0x45, 0xed, 0xa0, 0x2e, 0x89, 0xe3, 0x0e,
  0x07, 0xba, 0x59, 0xbb, 0x33, 0x07, 0xc5, 0x40, 0xb3, 0x35, 0xe5, 0x00,
  0x33, 0x84, 0x17, 0x41, 0x0d, 0x8c, 0x93, 0x15, 0x84, 0x00, 0xba, 0x89,
  0x63, 0xd3, 0x05, 0x06, 0xb3, 0x09, 0xa6, 0x40, 0x33, 0x84, 0xf8, 0x40,
  0x33, 0x36, 0x36, 0x01, 0x11, 0x8c, 0xb6, 0x84, 0x25, 0xc0, 0x22, 0x85,
  0xef, 0x10, 0x20, 0x33, 0x13, 0x06, 0x85, 0xff, 0x93, 0x07, 0x00, 0x02,
  0x91, 0x8f, 0x33, 0x14, 0xc4, 0x00, 0xb3, 0xd7, 0xf9, 0x00, 0xc1, 0x8f,
  0x33, 0x94, 0xc9, 0x00, 0x63, 0x4e, 0x26, 0x07, 0x33, 0x06, 0x26, 0x41,
  0x93, 0x05, 0x16, 0x00, 0x7d, 0x47, 0x93, 0x06, 0x00, 0x02, 0x63, 0x44,
  0xb7, 0x04, 0x8d, 0x8e, 0x33, 0x96, 0xd7, 0x00, 0x33, 0x57, 0xb4, 0x00,
  0xb3, 0x16, 0xd4, 0x00, 0x59, 0x8e, 0xb3, 0x36, 0xd0, 0x00, 0x55, 0x8e,
  0xb3, 0xd7, 0xb7, 0x00, 0x91, 0xbf, 0x33, 0x65, 0x87, 0x00, 0x4d, 0xf5,
  0x81, 0x44, 0x81, 0x47, 0x01, 0x49, 0x05, 0xbe, 0x4e, 0x85, 0xef, 0x10,
  0x40, 0x2d, 0x13, 0x06, 0x85, 0x01, 0xfd, 0x47, 0xe3, 0xd0, 0xc7, 0xfa,
  0x93, 0x07, 0x85, 0xff, 0xb3, 0x97, 0xf9, 0x00, 0x65, 0xb7, 0x05, 0x16,
  0x33, 0xd6, 0xc7, 0x00, 0x01, 0x47, 0x63, 0x87, 0xd5, 0x00, 0x13, 0x07,
  0x00, 0x04, 0x0d, 0x8f, 0x33, 0x97, 0xe7, 0x00, 0x41, 0x8f, 0x33, 0x37,
  0xe0, 0x00, 0x59, 0x8e, 0x81, 0x47, 0x29, 0xb7, 0x37, 0x07, 0x80, 0xff,
  0x7d, 0x17, 0x33, 0x09, 0xc9, 0x40, 0xf9, 0x8f, 0x22, 0x85, 0xe5, 0xb1,
  0xc6, 0x87, 0xdd, 0xbd, 0x2a, 0x86, 0xcd, 0xbd, 0xc6, 0x87, 0x32, 0x85,
  0x2e, 0x89, 0xd1, 0xbc, 0x3a, 0x89, 0x81, 0x47, 0x4d, 0xb9, 0xb6, 0x84,
  0xc6, 0x87, 0x32, 0x85, 0x1a, 0x89, 0xd1, 0xb4, 0x81, 0x44, 0x81, 0x47,
  0x7d, 0xbc, 0x79, 0x71, 0x56, 0xca, 0x93, 0xda, 0x45, 0x01, 0x22, 0xd4,
  0x26, 0xd2, 0x4a, 0xd0, 0x4e, 0xce, 0x5a, 0xc8, 0x5e, 0xc6, 0x2a, 0x8b,
  0xaa, 0x84, 0x13, 0x94, 0xc5, 0x00, 0x06, 0xd6, 0x52, 0xcc, 0x13, 0xf5,
  0xfa, 0x7f, 0xb2, 0x8b, 0xb6, 0x89, 0x31, 0x80, 0x13, 0xd9, 0xf5, 0x01,
  0x49, 0xc1, 0x93, 0x07, 0xf0, 0x7f, 0x63, 0x0b, 0xf5, 0x0c, 0x13, 0x5a,
  0xdb, 0x01, 0x0e, 0x04, 0x33, 0x6a, 0x8a, 0x00, 0xb7, 0x07, 0x80, 0x00,
  0x33, 0x6a, 0xfa, 0x00, 0x93, 0x14, 0x3b, 0x00, 0x93, 0x0a, 0x15, 0xc0,
  0x01, 0x4b, 0x13, 0xd7, 0x49, 0x01, 0x13, 0x94, 0xc9, 0x00, 0x13, 0x77,
  0xf7, 0x7f, 0x31, 0x80, 0x93, 0xd9, 0xf9, 0x01, 0x71, 0xc3, 0x93, 0x07,
  0xf0, 0x7f, 0x63, 0x0a, 0xf7, 0x10, 0x0e, 0x04, 0x93, 0xd7, 0xdb, 0x01,
  0xc1, 0x8f, 0x37, 0x04, 0x80, 0x00, 0x5d, 0x8c, 0x13, 0x9f, 0x3b, 0x00,
  0x13, 0x07, 0x17, 0xc0, 0x81, 0x46, 0x93, 0x17, 0x2b, 0x00, 0xd5, 0x8f,
  0x33, 0x85, 0xea, 0x40, 0xfd, 0x17, 0x39, 0x47, 0x33, 0x46, 0x39, 0x01,
  0x63, 0x61, 0xf7, 0x10, 0x17, 0x17, 0x00, 0x00, 0x13, 0x07, 0xc7, 0x65,
  0x8a, 0x07, 0xba, 0x97, 0x9c, 0x43, 0xba, 0x97, 0x82, 0x87, 0x33, 0x6a,
  0x64, 0x01, 0x63, 0x03, 0x0a, 0x06, 0x63, 0x0a, 0x04, 0x02, 0x22, 0x85,
  0xef, 0x10, 0x60, 0x1a, 0x93, 0x07, 0x55, 0xff, 0x75, 0x4a, 0x13, 0x07,
  0x85, 0xff, 0x33, 0x0a, 0xfa, 0x40, 0x33, 0x14, 0xe4, 0x00, 0x33, 0x5a,
  0x4b, 0x01, 0x33, 0x6a, 0x8a, 0x00, 0x33, 0x14, 0xeb, 0x00, 0x93, 0x0a,
  0xd0, 0xc0, 0xb3, 0x8a, 0xaa, 0x40, 0xa2, 0x84, 0xa5, 0xb7, 0x5a, 0x85,
  0xef, 0x10, 0x60, 0x17, 0x2a, 0x8a, 0x93, 0x07, 0x5a, 0x01, 0x71, 0x47,
  0x13, 0x05, 0x05, 0x02, 0xe3, 0x54, 0xf7, 0xfc, 0x61, 0x1a, 0x33, 0x1a,
  0x4b, 0x01, 0xe1, 0xbf, 0x33, 0x6a, 0x64, 0x01, 0x63, 0x1a, 0x0a, 0x00,
  0x81, 0x44, 0xaa, 0x8a, 0x09, 0x4b, 0x35, 0xbf, 0x81, 0x44, 0x81, 0x4a,
  0x05, 0x4b, 0x15, 0xbf, 0x22, 0x8a, 0xaa, 0x8a, 0x0d, 0x4b, 0x35, 0xb7,
  0x33, 0x6f, 0x74, 0x01, 0x63, 0x00, 0x0f, 0x06, 0x63, 0x08, 0x04, 0x02,
  0x22, 0x85, 0xef, 0x10, 0xc0, 0x12, 0x13, 0x07, 0x55, 0xff, 0xf5, 0x47,
  0x93, 0x06, 0x85, 0xff, 0x99, 0x8f, 0x33, 0x14, 0xd4, 0x00, 0xb3, 0xd7,
  0xfb, 0x00, 0xc1, 0x8f, 0x33, 0x94, 0xdb, 0x00, 0x13, 0x07, 0xd0, 0xc0,
  0x22, 0x8f, 0x09, 0x8f, 0x3e, 0x84, 0x1d, 0xb7, 0x5e, 0x85, 0xef, 0x10,
  0x00, 0x10, 0xaa, 0x87, 0x13, 0x87, 0x57, 0x01, 0xf1, 0x46, 0x13, 0x05,
  0x05, 0x02, 0xe3, 0xd6, 0xe6, 0xfc, 0xe1, 0x17, 0xb3, 0x97, 0xfb, 0x00,
  0xe1, 0xbf, 0x33, 0x6f, 0x74, 0x01, 0x63, 0x19, 0x0f, 0x00, 0x01, 0x44,
  0x89, 0x46, 0xf5, 0xbd, 0x01, 0x44, 0x01, 0x47, 0x85, 0x46, 0xd5, 0xbd,
  0x5e, 0x8f, 0x8d, 0x46, 0xfd, 0xb5, 0x63, 0x66, 0x44, 0x01, 0x63, 0x15,
  0x8a, 0x2a, 0x63, 0xe3, 0xe4, 0x2b, 0x13, 0x17, 0xfa, 0x01, 0x93, 0xd7,
  0x14, 0x00, 0x93, 0x95, 0xf4, 0x01, 0x13, 0x5a, 0x1a, 0x00, 0xb3, 0x64,
  0xf7, 0x00, 0x93, 0x18, 0x84, 0x00, 0x93, 0x56, 0x8f, 0x01, 0xb3, 0xe6,
  0x16, 0x01, 0x93, 0xd8, 0x08, 0x01, 0x33, 0x5e, 0x1a, 0x03, 0x13, 0x93,
  0x06, 0x01, 0x13, 0x53, 0x03, 0x01, 0x93, 0xd7, 0x04, 0x01, 0x13, 0x18,
  0x8f, 0x00, 0x33, 0x7a, 0x1a, 0x03, 0x72, 0x8f, 0x33, 0x07, 0xc3, 0x03,
  0x42, 0x0a, 0xb3, 0xe7, 0x47, 0x01, 0x63, 0xfc, 0xe7, 0x00, 0xb6, 0x97,
  0x13, 0x0f, 0xfe, 0xff, 0x63, 0xe7, 0xd7, 0x00, 0x63, 0xf5, 0xe7, 0x00,
  0x13, 0x0f, 0xee, 0xff, 0xb6, 0x97, 0x99, 0x8f, 0xb3, 0xde, 0x17, 0x03,
  0xc2, 0x04, 0xc1, 0x80, 0xb3, 0xf7, 0x17, 0x03, 0x76, 0x87, 0x33, 0x0e,
  0xd3, 0x03, 0xc2, 0x07, 0xc5, 0x8f, 0x63, 0xfc, 0xc7, 0x01, 0xb6, 0x97,
  0x13, 0x87, 0xfe, 0xff, 0x63, 0xe7, 0xd7, 0x00, 0x63, 0xf5, 0xc7, 0x01,
  0x13, 0x87, 0xee, 0xff, 0xb6, 0x97, 0x42, 0x0f, 0x33, 0x6f, 0xef, 0x00,
  0x13, 0x17, 0x0f, 0x01, 0x93, 0x1e, 0x08, 0x01, 0x93, 0x5f, 0x0f, 0x01,
  0x41, 0x83, 0x93, 0xde, 0x0e, 0x01, 0xb3, 0x87, 0xc7, 0x41, 0x13, 0x5e,
  0x08, 0x01, 0xb3, 0x03, 0xd7, 0x03, 0x33, 0x84, 0xdf, 0x03, 0x33, 0x07,
  0xee, 0x02, 0xb3, 0x02, 0x87, 0x00, 0x13, 0xd7, 0x03, 0x01, 0x16, 0x97,
  0xb3, 0x8f, 0xcf, 0x03, 0x63, 0x74, 0x87, 0x00, 0xc1, 0x62, 0x96, 0x9f,
  0x93, 0x52, 0x07, 0x01, 0xc2, 0x03, 0x42, 0x07, 0x93, 0xd3, 0x03, 0x01,
  0xfe, 0x92, 0x1e, 0x97, 0x63, 0xe7, 0x57, 0x00, 0x7a, 0x84, 0x63, 0x92,
  0x57, 0x04, 0x63, 0xf0, 0xe5, 0x04, 0xb3, 0x8f, 0x05, 0x01, 0xb3, 0xb3,
  0xbf, 0x00, 0xb3, 0x84, 0xd3, 0x00, 0xa6, 0x97, 0x13, 0x04, 0xff, 0xff,
  0xfe, 0x85, 0x63, 0xe6, 0xf6, 0x00, 0x63, 0x92, 0xf6, 0x02, 0x63, 0x90,
  0x03, 0x02, 0x63, 0xe6, 0x57, 0x00, 0x63, 0x9c, 0xf2, 0x00, 0x63, 0xfa,
  0xef, 0x00, 0xc2, 0x9f, 0x13, 0x04, 0xef, 0xff, 0x33, 0xbf, 0x0f, 0x01,
  0x36, 0x9f, 0xfe, 0x85, 0xfa, 0x97, 0xb3, 0x8f, 0xe5, 0x40, 0xb3, 0x87,
  0x57, 0x40, 0xb3, 0xb5, 0xf5, 0x01, 0x8d, 0x8f, 0x7d, 0x5f, 0x63, 0x88,
  0xf6, 0x0e, 0xb3, 0xd2, 0x17, 0x03, 0x13, 0xd7, 0x0f, 0x01, 0xb3, 0xf7,
  0x17, 0x03, 0x96, 0x85, 0x33, 0x0f, 0x53, 0x02, 0xc2, 0x07, 0xd9, 0x8f,
  0x63, 0xfc, 0xe7, 0x01, 0xb6, 0x97, 0x93, 0x85, 0xf2, 0xff, 0x63, 0xe7,
  0xd7, 0x00, 0x63, 0xf5, 0xe7, 0x01, 0x93, 0x85, 0xe2, 0xff, 0xb6, 0x97,
  0xb3, 0x87, 0xe7, 0x41, 0x33, 0xdf, 0x17, 0x03, 0x13, 0x97, 0x0f, 0x01,
  0x41, 0x83, 0xb3, 0xf7, 0x17, 0x03, 0xfa, 0x88, 0x33, 0x03, 0xe3, 0x03,
  0xc2, 0x07, 0xd9, 0x8f, 0x63, 0xfc, 0x67, 0x00, 0xb6, 0x97, 0x93, 0x08,
  0xff, 0xff, 0x63, 0xe7, 0xd7, 0x00, 0x63, 0xf5, 0x67, 0x00, 0x93, 0x08,
  0xef, 0xff, 0xb6, 0x97, 0x13, 0x97, 0x05, 0x01, 0x33, 0x67, 0x17, 0x01,
  0x93, 0x15, 0x07, 0x01, 0xc1, 0x81, 0xb3, 0x87, 0x67, 0x40, 0x13, 0x53,
  0x07, 0x01, 0x33, 0x8f, 0xbe, 0x02, 0xb3, 0x0e, 0xd3, 0x03, 0x33, 0x03,
  0x6e, 0x02, 0x33, 0x0e, 0xbe, 0x02, 0x93, 0x55, 0x0f, 0x01, 0x76, 0x9e,
  0xf2, 0x95, 0x63, 0xf4, 0xd5, 0x01, 0xc1, 0x68, 0x46, 0x93, 0x93, 0xd8,
  0x05, 0x01, 0x42, 0x0f, 0xc2, 0x05, 0x13, 0x5f, 0x0f, 0x01, 0x9a, 0x98,
  0xfa, 0x95, 0x63, 0xe7, 0x17, 0x01, 0x3a, 0x8f, 0x63, 0x9d, 0x17, 0x03,
  0x63, 0x8d, 0x05, 0x02, 0xb6, 0x97, 0x13, 0x0f, 0xf7, 0xff, 0x3e, 0x83,
  0x63, 0xe1, 0xd7, 0x02, 0x63, 0xe6, 0x17, 0x01, 0x63, 0x91, 0x17, 0x03,
  0x63, 0x7d, 0xb8, 0x00, 0x13, 0x0f, 0xe7, 0xff, 0x13, 0x17, 0x18, 0x00,
  0x33, 0x33, 0x07, 0x01, 0x36, 0x93, 0x3e, 0x93, 0x3a, 0x88, 0x63, 0x14,
  0x13, 0x01, 0x63, 0x84, 0x05, 0x01, 0x13, 0x6f, 0x1f, 0x00, 0x93, 0x07,
  0xf5, 0x3f, 0x63, 0x5e, 0xf0, 0x08, 0x13, 0x77, 0x7f, 0x00, 0x01, 0xcf,
  0x13, 0x77, 0xff, 0x00, 0x91, 0x46, 0x63, 0x08, 0xd7, 0x00, 0x33, 0x07,
  0xdf, 0x00, 0xb3, 0x36, 0xe7, 0x01, 0x36, 0x94, 0x3a, 0x8f, 0x13, 0x17,
  0x74, 0x00, 0x63, 0x58, 0x07, 0x00, 0xb7, 0x07, 0x00, 0xff, 0xfd, 0x17,
  0x7d, 0x8c, 0x93, 0x07, 0x05, 0x40, 0x13, 0x07, 0xe0, 0x7f, 0x63, 0x41,
  0xf7, 0x10, 0x13, 0x17, 0xd4, 0x01, 0x13, 0x5f, 0x3f, 0x00, 0x33, 0x67,
  0xe7, 0x01, 0x0d, 0x80, 0x32, 0x04, 0x31, 0x80, 0xd2, 0x07, 0xb2, 0x50,
  0xc1, 0x8f, 0x22, 0x54, 0x7e, 0x06, 0xb3, 0xe6, 0xc7, 0x00, 0x92, 0x54,
  0x02, 0x59, 0xf2, 0x49, 0x62, 0x4a, 0xd2, 0x4a, 0x42, 0x4b, 0xb2, 0x4b,
  0x3a, 0x85, 0xb6, 0x85, 0x45, 0x61, 0x82, 0x80, 0x7d, 0x15, 0x81, 0x45,
  0xbd, 0xb3, 0x4e, 0x86, 0x36, 0x8b, 0x89, 0x47, 0x63, 0x0e, 0xfb, 0x0a,
  0x8d, 0x47, 0x63, 0x04, 0xfb, 0x0a, 0x85, 0x47, 0xe3, 0x19, 0xfb, 0xf6,
  0x01, 0x44, 0x01, 0x47, 0xb5, 0xa0, 0x4a, 0x86, 0x52, 0x84, 0x26, 0x8f,
  0xcd, 0xb7, 0x85, 0x46, 0x89, 0xcb, 0x9d, 0x8e, 0x13, 0x07, 0x80, 0x03,
  0xe3, 0x44, 0xd7, 0xfe, 0x7d, 0x47, 0x63, 0x4b, 0xd7, 0x04, 0x13, 0x05,
  0xe5, 0x41, 0xb3, 0x57, 0xdf, 0x00, 0x33, 0x1f, 0xaf, 0x00, 0x33, 0x3f,
  0xe0, 0x01, 0x33, 0x15, 0xa4, 0x00, 0x33, 0x6f, 0xaf, 0x00, 0xb3, 0xe7,
  0xe7, 0x01, 0x33, 0x54, 0xd4, 0x00, 0x13, 0xf7, 0x77, 0x00, 0x01, 0xcf,
  0x13, 0xf7, 0xf7, 0x00, 0x91, 0x46, 0x63, 0x08, 0xd7, 0x00, 0x33, 0x87,
  0xd7, 0x00, 0xb3, 0x36, 0xf7, 0x00, 0x36, 0x94, 0xba, 0x87, 0x13, 0x17,
  0x84, 0x00, 0x63, 0x4a, 0x07, 0x04, 0x13, 0x17, 0xd4, 0x01, 0x8d, 0x83,
  0x5d, 0x8f, 0x0d, 0x80, 0x81, 0x47, 0xa9, 0xb7, 0x05, 0x57, 0xb3, 0x07,
  0xf7, 0x40, 0x93, 0x05, 0x00, 0x02, 0xb3, 0x57, 0xf4, 0x00, 0x01, 0x47,
  0x63, 0x86, 0xb6, 0x00, 0x13, 0x05, 0xe5, 0x43, 0x33, 0x17, 0xa4, 0x00,
  0x33, 0x67, 0xe7, 0x01, 0x33, 0x37, 0xe0, 0x00, 0xd9, 0x8f, 0x01, 0x44,
  0x5d, 0xb7, 0x37, 0x04, 0x08, 0x00, 0x01, 0x47, 0x93, 0x07, 0xf0, 0x7f,
  0x01, 0x46, 0x09, 0xbf, 0x01, 0x44, 0x01, 0x47, 0x93, 0x07, 0xf0, 0x7f,
  0x21, 0xb7, 0x01, 0x44, 0x01, 0x47, 0x85, 0x47, 0x01, 0xb7, 0x13, 0xd7,
  0x45, 0x01, 0xb7, 0x07, 0x10, 0x00, 0xfd, 0x17, 0x13, 0xd8, 0x46, 0x01,
  0x2a, 0x83, 0xaa, 0x8e, 0x13, 0x77, 0xf7, 0x7f, 0x13, 0x05, 0xf0, 0x7f,
  0xb3, 0xf8, 0xb7, 0x00, 0x32, 0x8f, 0xf5, 0x8f, 0xfd, 0x81, 0x13, 0x78,
  0xf8, 0x7f, 0xfd, 0x82, 0x63, 0x1a, 0xa7, 0x00, 0x33, 0xee, 0x68, 0x00,
  0x05, 0x45, 0x63, 0x14, 0x0e, 0x00, 0x63, 0x05, 0xe8, 0x00, 0x82, 0x80,
  0x63, 0x15, 0xa8, 0x00, 0x5d, 0x8e, 0x05, 0x45, 0x7d, 0xfa, 0x05, 0x45,
  0xe3, 0x19, 0x07, 0xff, 0xe3, 0x97, 0xf8, 0xfe, 0xe3, 0x95, 0xee, 0xff,
  0x63, 0x89, 0xd5, 0x00, 0xe3, 0x11, 0x07, 0xfe, 0xb3, 0xe8, 0x68, 0x00,
  0x33, 0x35, 0x10, 0x01, 0x82, 0x80, 0x01, 0x45, 0x82, 0x80, 0x93, 0xd7,
  0x46, 0x01, 0x93, 0xd8, 0x45, 0x01, 0x37, 0x07, 0x10, 0x00, 0x7d, 0x17,
  0x2a, 0x88, 0x2a, 0x8e, 0x93, 0xf8, 0xf8, 0x7f, 0x13, 0xf5, 0xf7, 0x7f,
  0x93, 0x07, 0xf0, 0x7f, 0x33, 0x73, 0xb7, 0x00, 0xb2, 0x8e, 0x75, 0x8f,
  0xfd, 0x81, 0xfd, 0x82, 0x63, 0x96, 0xf8, 0x00, 0x33, 0x6f, 0x03, 0x01,
  0x63, 0x1b, 0x0f, 0x04, 0x63, 0x15, 0xf5, 0x00, 0xb3, 0x67, 0xc7, 0x00,
  0xa9, 0xe7, 0x81, 0x47, 0x63, 0x96, 0x08, 0x00, 0x33, 0x68, 0x03, 0x01,
  0x93, 0x37, 0x18, 0x00, 0x1d, 0xed, 0x59, 0x8e, 0x99, 0xc7, 0x63, 0x06,
  0x06, 0x04, 0x13, 0x95, 0x16, 0x00, 0x7d, 0x15, 0x82, 0x80, 0x1d, 0xe6,
  0xb3, 0x05, 0xb0, 0x40, 0x13, 0xe5, 0x15, 0x00, 0x82, 0x80, 0xe3, 0xc6,
  0xa8, 0xfe, 0xe3, 0x69, 0x67, 0xfe, 0x63, 0x17, 0xe3, 0x00, 0xe3, 0xe5,
  0xce, 0xff, 0x01, 0x45, 0x63, 0x71, 0xde, 0x03, 0x13, 0x95, 0x15, 0x00,
  0xd9, 0xbf, 0x79, 0x55, 0x82, 0x80, 0xf1, 0xf7, 0xe3, 0x9a, 0xb6, 0xfc,
  0xe3, 0x5d, 0x15, 0xfd, 0xb3, 0x06, 0xd0, 0x40, 0x13, 0xe5, 0x16, 0x00,
  0x82, 0x80, 0x82, 0x80, 0x93, 0xd7, 0x46, 0x01, 0x93, 0xd8, 0x45, 0x01,
  0x37, 0x07, 0x10, 0x00, 0x7d, 0x17, 0x2a, 0x88, 0x2a, 0x8e, 0x93, 0xf8,
  0xf8, 0x7f, 0x13, 0xf5, 0xf7, 0x7f, 0x93, 0x07, 0xf0, 0x7f, 0x33, 0x73,
  0xb7, 0x00, 0xb2, 0x8e, 0x75, 0x8f, 0xfd, 0x81, 0xfd, 0x82, 0x63, 0x96,
  0xf8, 0x00, 0x33, 0x6f, 0x03, 0x01, 0x63, 0x1b, 0x0f, 0x04, 0x63, 0x15,
  0xf5, 0x00, 0xb3, 0x67, 0xc7, 0x00, 0xa9, 0xe7, 0x81, 0x47, 0x63, 0x96,
  0x08, 0x00, 0x33, 0x68, 0x03, 0x01, 0x93, 0x37, 0x18, 0x00, 0x1d, 0xed,
  0x59, 0x8e, 0x99, 0xc7, 0x63, 0x06, 0x06, 0x04, 0x13, 0x95, 0x16, 0x00,
  0x7d, 0x15, 0x82, 0x80, 0x1d, 0xe6, 0xb3, 0x05, 0xb0, 0x40, 0x13, 0xe5,
  0x15, 0x00, 0x82, 0x80, 0xe3, 0xc6, 0xa8, 0xfe, 0xe3, 0x69, 0x67, 0xfe,
  0x63, 0x17, 0xe3, 0x00, 0xe3, 0xe5, 0xce, 0xff, 0x01, 0x45, 0x63, 0x71,
  0xde, 0x03, 0x13, 0x95, 0x15, 0x00, 0xd9, 0xbf, 0x09, 0x45, 0x82, 0x80,
  0xf1, 0xf7, 0xe3, 0x9a, 0xb6, 0xfc, 0xe3, 0x5d, 0x15, 0xfd, 0xb3, 0x06,
  0xd0, 0x40, 0x13, 0xe5, 0x16, 0x00, 0x82, 0x80, 0x82, 0x80, 0x79, 0x71,
  0x56, 0xca, 0x93, 0xda, 0x45, 0x01, 0x22, 0xd4, 0x26, 0xd2, 0x4e, 0xce,
  0x52, 0xcc, 0x5e, 0xc6, 0x93, 0x94, 0xc5, 0x00, 0x06, 0xd6, 0x4a, 0xd0,
  0x5a, 0xc8, 0x93, 0xfa, 0xfa, 0x7f, 0x2a, 0x84, 0xb2, 0x8b, 0x36, 0x8a,
  0xb1, 0x80, 0x93, 0xd9, 0xf5, 0x01, 0x63, 0x8b, 0x0a, 0x08, 0x93, 0x07,
  0xf0, 0x7f, 0x63, 0x82, 0xfa, 0x0e, 0x8e, 0x04, 0x93, 0x57, 0xd5, 0x01,
  0xc5, 0x8f, 0xb7, 0x04, 0x80, 0x00, 0xdd, 0x8c, 0x13, 0x19, 0x35, 0x00,
  0x93, 0x8a, 0x1a, 0xc0, 0x01, 0x4b, 0x93, 0x56, 0x4a, 0x01, 0x13, 0x14,
  0xca, 0x00, 0x93, 0xf6, 0xf6, 0x7f, 0x31, 0x80, 0x13, 0x5a, 0xfa, 0x01,
  0xe9, 0xca, 0x93, 0x07, 0xf0, 0x7f, 0x63, 0x80, 0xf6, 0x12, 0x0e, 0x04,
  0x93, 0xd7, 0xdb, 0x01, 0xc1, 0x8f, 0x37, 0x04, 0x80, 0x00, 0x5d, 0x8c,
  0x93, 0x86, 0x16, 0xc0, 0x93, 0x97, 0x3b, 0x00, 0x81, 0x45, 0x13, 0x17,
  0x2b, 0x00, 0xb6, 0x9a, 0x4d, 0x8f, 0xa9, 0x46, 0x13, 0x86, 0x1a, 0x00,
  0x63, 0xc6, 0xe6, 0x12, 0x09, 0x45, 0xb3, 0xc9, 0x49, 0x01, 0x85, 0x46,
  0x63, 0x42, 0xe5, 0x10, 0x7d, 0x17, 0x63, 0xe6, 0xe6, 0x12, 0x2e, 0x8b,
  0x09, 0x47, 0x63, 0x03, 0xeb, 0x38, 0x0d, 0x47, 0x63, 0x0c, 0xeb, 0x36,
  0x05, 0x47, 0x63, 0x12, 0xeb, 0x26, 0x01, 0x44, 0x81, 0x46, 0x05, 0xae,
  0x33, 0xe9, 0xa4, 0x00, 0x63, 0x00, 0x09, 0x06, 0x63, 0x89, 0x04, 0x02,
  0x26, 0x85, 0xef, 0x00, 0x10, 0x2c, 0x13, 0x07, 0x55, 0xff, 0xf5, 0x47,
  0x93, 0x06, 0x85, 0xff, 0x99, 0x8f, 0xb3, 0x94, 0xd4, 0x00, 0xb3, 0x57,
  0xf4, 0x00, 0xc5, 0x8f, 0xb3, 0x14, 0xd4, 0x00, 0x93, 0x0a, 0xd0, 0xc0,
  0x26, 0x89, 0xb3, 0x8a, 0xaa, 0x40, 0xbe, 0x84, 0x91, 0xbf, 0xef, 0x00,
  0x50, 0x29, 0xaa, 0x87, 0x13, 0x87, 0x57, 0x01, 0xf1, 0x46, 0x13, 0x05,
  0x05, 0x02, 0xe3, 0xd6, 0xe6, 0xfc, 0xe1, 0x17, 0xb3, 0x17, 0xf4, 0x00,
  0xe1, 0xbf, 0x33, 0xe9, 0xa4, 0x00, 0x63, 0x19, 0x09, 0x00, 0x81, 0x44,
  0x09, 0x4b, 0x35, 0xb7, 0x81, 0x44, 0x81, 0x4a, 0x05, 0x4b, 0x15, 0xb7,
  0x2a, 0x89, 0x0d, 0x4b, 0x39, 0xbf, 0xb3, 0x67, 0x74, 0x01, 0xb1, 0xcf,
  0x63, 0x08, 0x04, 0x02, 0x22, 0x85, 0xef, 0x00, 0x10, 0x25, 0x93, 0x06,
  0x55, 0xff, 0x75, 0x47, 0x93, 0x07, 0x85, 0xff, 0x15, 0x8f, 0x33, 0x14,
  0xf4, 0x00, 0x33, 0xd7, 0xeb, 0x00, 0x41, 0x8f, 0x33, 0x94, 0xfb, 0x00,
  0x93, 0x06, 0xd0, 0xc0, 0xa2, 0x87, 0x89, 0x8e, 0x3a, 0x84, 0x29, 0xbf,
  0x5e, 0x85, 0xef, 0x00, 0x50, 0x22, 0xaa, 0x87, 0x93, 0x86, 0x57, 0x01,
  0x71, 0x47, 0x13, 0x05, 0x05, 0x02, 0xe3, 0x56, 0xd7, 0xfc, 0xe1, 0x17,
  0x33, 0x97, 0xfb, 0x00, 0xe1, 0xbf, 0xb3, 0x67, 0x74, 0x01, 0x81, 0xeb,
  0x01, 0x44, 0x89, 0x45, 0xcd, 0xbd, 0x01, 0x44, 0x81, 0x46, 0x85, 0x45,
  0xed, 0xb5, 0xde, 0x87, 0x8d, 0x45, 0xd5, 0xb5, 0x33, 0x97, 0xe6, 0x00,
  0x93, 0x76, 0x07, 0x53, 0x85, 0xe2, 0x13, 0x75, 0x07, 0x24, 0x63, 0x17,
  0x05, 0x26, 0x13, 0x77, 0x87, 0x08, 0x01, 0xcf, 0xd2, 0x89, 0xf5, 0xb5,
  0xbd, 0x46, 0x63, 0x05, 0xd7, 0x26, 0xad, 0x46, 0xe3, 0x0a, 0xd7, 0xfe,
  0x26, 0x84, 0xca, 0x87, 0xf1, 0xbd, 0x13, 0x58, 0x09, 0x01, 0x13, 0x93,
  0x07, 0x01, 0x42, 0x09, 0x93, 0xd5, 0x07, 0x01, 0x13, 0x59, 0x09, 0x01,
  0x13, 0x53, 0x03, 0x01, 0xb3, 0x07, 0x69, 0x02, 0xb3, 0x08, 0x68, 0x02,
  0x13, 0xd5, 0x07, 0x01, 0x33, 0x87, 0x25, 0x03, 0x46, 0x97, 0x3a, 0x95,
  0xb3, 0x06, 0xb8, 0x02, 0x63, 0x74, 0x15, 0x01, 0x41, 0x67, 0xba, 0x96,
  0x13, 0x57, 0x04, 0x01, 0xc2, 0x07, 0x42, 0x04, 0xc1, 0x83, 0x41, 0x80,
  0x13, 0x5f, 0x05, 0x01, 0x42, 0x05, 0xb3, 0x0e, 0x89, 0x02, 0x3e, 0x95,
  0x33, 0x09, 0x27, 0x03, 0x93, 0xd8, 0x0e, 0x01, 0xb3, 0x07, 0x88, 0x02,
  0x3e, 0x99, 0xca, 0x98, 0x33, 0x08, 0xe8, 0x02, 0x63, 0xf4, 0xf8, 0x00,
  0xc1, 0x67, 0x3e, 0x98, 0xc2, 0x0e, 0x93, 0xde, 0x0e, 0x01, 0x93, 0x97,
  0x08, 0x01, 0xf6, 0x97, 0x93, 0xde, 0x04, 0x01, 0xc2, 0x04, 0xc1, 0x80,
  0xb3, 0x8f, 0x64, 0x02, 0x13, 0xde, 0x08, 0x01, 0x42, 0x9e, 0x3e, 0x9f,
  0x33, 0x83, 0x6e, 0x02, 0x13, 0xd8, 0x0f, 0x01, 0xb3, 0x82, 0xd5, 0x03,
  0xb3, 0x85, 0x95, 0x02, 0x9a, 0x95, 0x2e, 0x98, 0x63, 0x74, 0x68, 0x00,
  0xc1, 0x65, 0xae, 0x92, 0xb3, 0x85, 0x84, 0x02, 0xc2, 0x0f, 0x93, 0x58,
  0x08, 0x01, 0x93, 0xdf, 0x0f, 0x01, 0x42, 0x08, 0x96, 0x98, 0x7e, 0x98,
  0x33, 0x84, 0x8e, 0x02, 0x13, 0xd3, 0x05, 0x01, 0xb3, 0x0e, 0xd7, 0x03,
  0x33, 0x07, 0x97, 0x02, 0x22, 0x97, 0x3a, 0x93, 0x63, 0x74, 0x83, 0x00,
  0x41, 0x67, 0xba, 0x9e, 0xc2, 0x05, 0x13, 0x17, 0x03, 0x01, 0xc1, 0x81,
  0xfa, 0x96, 0x2e, 0x97, 0x3a, 0x9e, 0xb3, 0xb7, 0xf6, 0x00, 0xf2, 0x97,
  0x36, 0x98, 0xbe, 0x98, 0xb3, 0x36, 0xd8, 0x00, 0xb3, 0x35, 0xee, 0x00,
  0xc6, 0x96, 0x33, 0xbe, 0xc7, 0x01, 0x33, 0xb7, 0xf8, 0x00, 0xb3, 0xe5,
  0xc5, 0x01, 0xb3, 0xb8, 0x16, 0x01, 0x13, 0x53, 0x03, 0x01, 0x93, 0x17,
  0x98, 0x00, 0x9a, 0x95, 0x33, 0x67, 0x17, 0x01, 0x2e, 0x97, 0xc9, 0x8f,
  0x76, 0x97, 0xb3, 0x37, 0xf0, 0x00, 0x13, 0x58, 0x78, 0x01, 0x26, 0x07,
  0x13, 0xd4, 0x76, 0x01, 0xb3, 0xe7, 0x07, 0x01, 0xa6, 0x06, 0xd5, 0x8f,
  0x93, 0x16, 0x77, 0x00, 0x59, 0x8c, 0x63, 0xd3, 0x06, 0x08, 0x13, 0xd7,
  0x17, 0x00, 0x85, 0x8b, 0x5d, 0x8f, 0x93, 0x17, 0xf4, 0x01, 0xd9, 0x8f,
  0x05, 0x80, 0x13, 0x07, 0xf6, 0x3f, 0x63, 0x59, 0xe0, 0x06, 0x93, 0xf6,
  0x77, 0x00, 0x81, 0xce, 0x93, 0xf6, 0xf7, 0x00, 0x91, 0x45, 0x63, 0x88,
  0xb6, 0x00, 0xb3, 0x86, 0xb7, 0x00, 0xb3, 0xb5, 0xf6, 0x00, 0x2e, 0x94,
  0xb6, 0x87, 0x93, 0x16, 0x74, 0x00, 0x63, 0xd8, 0x06, 0x00, 0x37, 0x07,
  0x00, 0xff, 0x7d, 0x17, 0x79, 0x8c, 0x13, 0x07, 0x06, 0x40, 0x93, 0x06,
  0xe0, 0x7f, 0x63, 0xcd, 0xe6, 0x0c, 0x93, 0x16, 0xd4, 0x01, 0x8d, 0x83,
  0xdd, 0x8e, 0x0d, 0x80, 0x32, 0x04, 0x31, 0x80, 0x52, 0x07, 0xb2, 0x50,
  0x41, 0x8f, 0x22, 0x54, 0xfe, 0x09, 0xb3, 0x67, 0x37, 0x01, 0x92, 0x54,
  0x02, 0x59, 0xf2, 0x49, 0x62, 0x4a, 0xd2, 0x4a, 0x42, 0x4b, 0xb2, 0x4b,
  0x36, 0x85, 0xbe, 0x85, 0x45, 0x61, 0x82, 0x80, 0x56, 0x86, 0x71, 0xb7,
  0x85, 0x45, 0x09, 0xcb, 0x99, 0x8d, 0x93, 0x06, 0x80, 0x03, 0xe3, 0xc0,
  0xb6, 0xd2, 0xfd, 0x46, 0x63, 0xc9, 0xb6, 0x04, 0x13, 0x06, 0xe6, 0x41,
  0x33, 0xd7, 0xb7, 0x00, 0xb3, 0x97, 0xc7, 0x00, 0xb3, 0x37, 0xf0, 0x00,
  0x33, 0x16, 0xc4, 0x00, 0xd1, 0x8f, 0xd9, 0x8f, 0x33, 0x54, 0xb4, 0x00,
  0x13, 0xf7, 0x77, 0x00, 0x01, 0xcf, 0x13, 0xf7, 0xf7, 0x00, 0x91, 0x46,
  0x63, 0x08, 0xd7, 0x00, 0x33, 0x87, 0xd7, 0x00, 0xb3, 0x36, 0xf7, 0x00,
  0x36, 0x94, 0xba, 0x87, 0x13, 0x17, 0x84, 0x00, 0x63, 0x4d, 0x07, 0x04,
  0x93, 0x16, 0xd4, 0x01, 0x8d, 0x83, 0xdd, 0x8e, 0x0d, 0x80, 0x01, 0x47,
  0x95, 0xbf, 0x85, 0x56, 0x33, 0x87, 0xe6, 0x40, 0x13, 0x05, 0x00, 0x02,
  0x33, 0x57, 0xe4, 0x00, 0x81, 0x46, 0x63, 0x86, 0xa5, 0x00, 0x13, 0x06,
  0xe6, 0x43, 0xb3, 0x16, 0xc4, 0x00, 0xdd, 0x8e, 0xb3, 0x36, 0xd0, 0x00,
  0xb3, 0x67, 0xd7, 0x00, 0x01, 0x44, 0x5d, 0xb7, 0x37, 0x04, 0x08, 0x00,
  0x13, 0x07, 0xf0, 0x7f, 0x81, 0x49, 0x3d, 0xbf, 0x37, 0x04, 0x08, 0x00,
  0x81, 0x46, 0xcd, 0xbf, 0x01, 0x44, 0x81, 0x46, 0x13, 0x07, 0xf0, 0x7f,
  0x35, 0xb7, 0x01, 0x44, 0x81, 0x46, 0x05, 0x47, 0x15, 0xb7, 0x37, 0x08,
  0x10, 0x00, 0x7d, 0x18, 0x01, 0x11, 0xb3, 0x78, 0xb8, 0x00, 0x13, 0xd7,
  0x45, 0x01, 0x93, 0x57, 0xd5, 0x01, 0x33, 0x78, 0xd8, 0x00, 0x4a, 0xc8,
  0x13, 0x79, 0xf7, 0x7f, 0x13, 0x97, 0x38, 0x00, 0x93, 0xd8, 0x46, 0x01,
  0x26, 0xca, 0xd9, 0x8f, 0x93, 0xd4, 0xf5, 0x01, 0x0e, 0x08, 0x93, 0x55,
  0xd6, 0x01, 0x06, 0xce, 0x22, 0xcc, 0x4e, 0xc6, 0x93, 0xf8, 0xf8, 0x7f,
  0x13, 0x07, 0xf0, 0x7f, 0x0e, 0x05, 0xfd, 0x82, 0xb3, 0xe5, 0x05, 0x01,
  0x0e, 0x06, 0x63, 0x95, 0xe8, 0x00, 0x33, 0xe7, 0xc5, 0x00, 0x19, 0xe3,
  0x93, 0xc6, 0x16, 0x00, 0x33, 0x08, 0x19, 0x41, 0x13, 0x03, 0xf0, 0x7f,
  0x63, 0x9b, 0x96, 0x26, 0x63, 0x5d, 0x00, 0x11, 0x63, 0x9a, 0x08, 0x06,
  0x33, 0xe7, 0xc5, 0x00, 0x0d, 0xc3, 0x13, 0x08, 0xf9, 0xff, 0x63, 0x1c,
  0x08, 0x00, 0x2a, 0x96, 0x33, 0x37, 0xa6, 0x00, 0xb3, 0x86, 0xb7, 0x00,
  0x32, 0x85, 0xb3, 0x87, 0xe6, 0x00, 0x05, 0x49, 0x59, 0xa8, 0x63, 0x1c,
  0x69, 0x04, 0x93, 0x96, 0xd7, 0x01, 0x0d, 0x81, 0x13, 0x07, 0xf0, 0x7f,
  0xc9, 0x8e, 0x8d, 0x83, 0x63, 0x19, 0xe9, 0x00, 0xdd, 0x8e, 0x81, 0x47,
  0x89, 0xc6, 0xb7, 0x07, 0x08, 0x00, 0x81, 0x46, 0x81, 0x44, 0x13, 0x17,
  0x49, 0x01, 0x37, 0x06, 0xf0, 0x7f, 0xb2, 0x07, 0x71, 0x8f, 0xf2, 0x40,
  0x62, 0x44, 0xb1, 0x83, 0xd9, 0x8f, 0x13, 0x97, 0xf4, 0x01, 0x33, 0xe6,
  0xe7, 0x00, 0xd2, 0x44, 0x42, 0x49, 0xb2, 0x49, 0x36, 0x85, 0xb2, 0x85,
  0x05, 0x61, 0x82, 0x80, 0xe3, 0x0b, 0x69, 0xfa, 0x37, 0x07, 0x80, 0x00,
  0xd9, 0x8d, 0x13, 0x07, 0x80, 0x03, 0x63, 0x45, 0x07, 0x09, 0x7d, 0x47,
  0x93, 0x08, 0x00, 0x02, 0x63, 0x4d, 0x07, 0x05, 0xb3, 0x88, 0x08, 0x41,
  0x33, 0x97, 0x15, 0x01, 0xb3, 0x56, 0x06, 0x01, 0xb3, 0x18, 0x16, 0x01,
  0x55, 0x8f, 0xb3, 0x38, 0x10, 0x01, 0x33, 0x67, 0x17, 0x01, 0x33, 0xd8,
  0x05, 0x01, 0x3a, 0x95, 0x3e, 0x98, 0x33, 0x37, 0xe5, 0x00, 0xb3, 0x07,
  0xe8, 0x00, 0x13, 0x97, 0x87, 0x00, 0x63, 0x5c, 0x07, 0x16, 0x05, 0x09,
  0x13, 0x07, 0xf0, 0x7f, 0x63, 0x06, 0xe9, 0x48, 0x37, 0x07, 0x80, 0xff,
  0x7d, 0x17, 0xf9, 0x8f, 0x13, 0x57, 0x15, 0x00, 0x05, 0x89, 0x49, 0x8f,
  0x13, 0x95, 0xf7, 0x01, 0x59, 0x8d, 0x85, 0x83, 0x89, 0xaa, 0x13, 0x07,
  0x08, 0xfe, 0x33, 0xd7, 0xe5, 0x00, 0x81, 0x46, 0x63, 0x08, 0x18, 0x01,
  0x93, 0x06, 0x00, 0x04, 0xb3, 0x86, 0x06, 0x41, 0xb3, 0x96, 0xd5, 0x00,
  0xd1, 0x8e, 0xb3, 0x36, 0xd0, 0x00, 0x55, 0x8f, 0x01, 0x48, 0x55, 0xb7,
  0x33, 0xe7, 0xc5, 0x00, 0x33, 0x37, 0xe0, 0x00, 0xd5, 0xbf, 0x63, 0x05,
  0x08, 0x0a, 0x33, 0x87, 0x28, 0x41, 0x63, 0x1f, 0x09, 0x00, 0xb3, 0xe6,
  0xa7, 0x00, 0x99, 0xc6, 0x93, 0x06, 0xf7, 0xff, 0xe3, 0x83, 0x06, 0xee,
  0x63, 0x1c, 0x67, 0x00, 0xae, 0x87, 0x32, 0x85, 0x3a, 0x89, 0xc5, 0xbd,
  0x63, 0x8f, 0x68, 0x40, 0xb7, 0x06, 0x80, 0x00, 0xd5, 0x8f, 0xba, 0x86,
  0x13, 0x07, 0x80, 0x03, 0x63, 0x45, 0xd7, 0x06, 0x7d, 0x47, 0x13, 0x03,
  0x00, 0x02, 0x63, 0x4b, 0xd7, 0x02, 0x33, 0x03, 0xd3, 0x40, 0x33, 0x97,
  0x67, 0x00, 0x33, 0x58, 0xd5, 0x00, 0x33, 0x13, 0x65, 0x00, 0x33, 0x67,
  0x07, 0x01, 0x33, 0x33, 0x60, 0x00, 0x33, 0x67, 0x67, 0x00, 0xb3, 0xd6,
  0xd7, 0x00, 0x3a, 0x96, 0xae, 0x96, 0x33, 0x37, 0xe6, 0x00, 0x32, 0x85,
  0xb3, 0x87, 0xe6, 0x00, 0x46, 0x89, 0x05, 0xbf, 0x13, 0x87, 0x06, 0xfe,
  0x33, 0xd7, 0xe7, 0x00, 0x01, 0x48, 0x63, 0x88, 0x66, 0x00, 0x13, 0x08,
  0x00, 0x04, 0x33, 0x08, 0xd8, 0x40, 0x33, 0x98, 0x07, 0x01, 0x33, 0x68,
  0xa8, 0x00, 0x33, 0x38, 0x00, 0x01, 0x33, 0x67, 0x07, 0x01, 0x81, 0x46,
  0xd9, 0xb7, 0x33, 0xe7, 0xa7, 0x00, 0x33, 0x37, 0xe0, 0x00, 0xd5, 0xbf,
  0x13, 0x07, 0x19, 0x00, 0x93, 0x76, 0xe7, 0x7f, 0xa1, 0xea, 0x33, 0xe7,
  0xa7, 0x00, 0x63, 0x1a, 0x09, 0x02, 0x63, 0x0f, 0x07, 0x22, 0x33, 0xe7,
  0xc5, 0x00, 0x63, 0x05, 0x07, 0x36, 0x2a, 0x96, 0xb3, 0x86, 0xb7, 0x00,
  0x33, 0x35, 0xa6, 0x00, 0xb3, 0x85, 0xa6, 0x00, 0x93, 0x97, 0x85, 0x00,
  0x63, 0xd0, 0x07, 0x22, 0xb7, 0x07, 0x80, 0xff, 0xfd, 0x17, 0xed, 0x8f,
  0x32, 0x85, 0x05, 0x49, 0x2d, 0xb5, 0x63, 0x04, 0x07, 0x34, 0x4d, 0x8e,
  0x1a, 0x89, 0xe3, 0x00, 0x06, 0xe2, 0x81, 0x44, 0xb7, 0x07, 0x40, 0x00,
  0x01, 0x45, 0x11, 0xbd, 0x63, 0x0d, 0x67, 0x32, 0x2a, 0x96, 0x33, 0x35,
  0xa6, 0x00, 0xb3, 0x86, 0xb7, 0x00, 0xaa, 0x96, 0x13, 0x95, 0xf6, 0x01,
  0x05, 0x82, 0x51, 0x8d, 0x93, 0xd7, 0x16, 0x00, 0x3a, 0x89, 0x13, 0x77,
  0x75, 0x00, 0x01, 0xcf, 0x13, 0x77, 0xf5, 0x00, 0x91, 0x46, 0x63, 0x08,
  0xd7, 0x00, 0x33, 0x07, 0xd5, 0x00, 0xb3, 0x36, 0xa7, 0x00, 0xb6, 0x97,
  0x3a, 0x85, 0x13, 0x97, 0x87, 0x00, 0xe3, 0x5a, 0x07, 0xdc, 0x05, 0x09,
  0x13, 0x07, 0xf0, 0x7f, 0x63, 0x0a, 0xe9, 0x2e, 0x37, 0x07, 0x80, 0xff,
  0x7d, 0x17, 0xf9, 0x8f, 0x7d, 0xbb, 0x63, 0x52, 0x00, 0x0d, 0x63, 0x92,
  0x08, 0x08, 0x33, 0xe7, 0xc5, 0x00, 0xe3, 0x08, 0x07, 0xda, 0x13, 0x08,
  0xf9, 0xff, 0x63, 0x1d, 0x08, 0x00, 0x33, 0x06, 0xc5, 0x40, 0x33, 0x37,
  0xc5, 0x00, 0xb3, 0x86, 0xb7, 0x40, 0x32, 0x85, 0xb3, 0x87, 0xe6, 0x40,
  0x05, 0x49, 0xa1, 0xa0, 0xe3, 0x07, 0x69, 0xd8, 0x13, 0x07, 0x80, 0x03,
  0x63, 0x42, 0x07, 0x09, 0x7d, 0x47, 0x93, 0x08, 0x00, 0x02, 0x63, 0x4a,
  0x07, 0x05, 0xb3, 0x88, 0x08, 0x41, 0x33, 0x97, 0x15, 0x01, 0xb3, 0x56,
  0x06, 0x01, 0xb3, 0x18, 0x16, 0x01, 0x55, 0x8f, 0xb3, 0x38, 0x10, 0x01,
  0x33, 0x67, 0x17, 0x01, 0x33, 0xd8, 0x05, 0x01, 0x33, 0x07, 0xe5, 0x40,
  0xb3, 0x36, 0xe5, 0x00, 0x33, 0x88, 0x07, 0x41, 0x3a, 0x85, 0xb3, 0x07,
  0xd8, 0x40, 0x13, 0x97, 0x87, 0x00, 0xe3, 0x58, 0x07, 0xf4, 0x37, 0x04,
  0x80, 0x00, 0x7d, 0x14, 0x7d, 0x8c, 0xaa, 0x89, 0x65, 0xa2, 0xe3, 0x0a,
  0x69, 0xd2, 0x37, 0x07, 0x80, 0x00, 0xd9, 0x8d, 0x45, 0xb7, 0x13, 0x07,
  0x08, 0xfe, 0x33, 0xd7, 0xe5, 0x00, 0x81, 0x46, 0x63, 0x08, 0x18, 0x01,
  0x93, 0x06, 0x00, 0x04, 0xb3, 0x86, 0x06, 0x41, 0xb3, 0x96, 0xd5, 0x00,
  0xd1, 0x8e, 0xb3, 0x36, 0xd0, 0x00, 0x55, 0x8f, 0x01, 0x48, 0x6d, 0xb7,
  0x33, 0xe7, 0xc5, 0x00, 0x33, 0x37, 0xe0, 0x00, 0xd5, 0xbf, 0x63, 0x0f,
  0x08, 0x0a, 0x33, 0x88, 0x28, 0x41, 0x63, 0x18, 0x09, 0x02, 0x33, 0xe7,
  0xa7, 0x00, 0x19, 0xcf, 0x13, 0x07, 0xf8, 0xff, 0x11, 0xeb, 0x33, 0x05,
  0xa6, 0x40, 0x9d, 0x8d, 0x33, 0x36, 0xa6, 0x00, 0xb3, 0x87, 0xc5, 0x40,
  0xb6, 0x84, 0x3d, 0xbf, 0x63, 0x1d, 0x68, 0x00, 0xb6, 0x84, 0xae, 0x87,
  0x32, 0x85, 0x42, 0x89, 0xc9, 0xb1, 0x63, 0x87, 0x68, 0x1e, 0x37, 0x07,
  0x80, 0x00, 0xd9, 0x8f, 0x42, 0x87, 0x13, 0x08, 0x80, 0x03, 0x63, 0x47,
  0xe8, 0x06, 0x7d, 0x48, 0x13, 0x0e, 0x00, 0x02, 0x63, 0x4d, 0xe8, 0x02,
  0x33, 0x0e, 0xee, 0x40, 0x33, 0x53, 0xe5, 0x00, 0x33, 0x98, 0xc7, 0x01,
  0x33, 0x1e, 0xc5, 0x01, 0x33, 0x68, 0x68, 0x00, 0x33, 0x3e, 0xc0, 0x01,
  0x33, 0x65, 0xc8, 0x01, 0x33, 0xd7, 0xe7, 0x00, 0x33, 0x05, 0xa6, 0x40,
  0x33, 0x87, 0xe5, 0x40, 0x33, 0x36, 0xa6, 0x00, 0xb3, 0x07, 0xc7, 0x40,
  0x46, 0x89, 0xb6, 0x84, 0x1d, 0xb7, 0x13, 0x08, 0x07, 0xfe, 0x33, 0xd8,
  0x07, 0x01, 0x01, 0x43, 0x63, 0x08, 0xc7, 0x01, 0x13, 0x03, 0x00, 0x04,
  0x33, 0x03, 0xe3, 0x40, 0x33, 0x93, 0x67, 0x00, 0x33, 0x63, 0xa3, 0x00,
  0x33, 0x33, 0x60, 0x00, 0x33, 0x65, 0x68, 0x00, 0x01, 0x47, 0xc9, 0xb7,
  0x5d, 0x8d, 0x33, 0x35, 0xa0, 0x00, 0xdd, 0xbf, 0x13, 0x07, 0x19, 0x00,
  0x13, 0x77, 0xe7, 0x7f, 0x2d, 0xef, 0x33, 0xe7, 0xc5, 0x00, 0x33, 0xe8,
  0xa7, 0x00, 0x63, 0x1b, 0x09, 0x04, 0x63, 0x1c, 0x08, 0x00, 0x63, 0x0c,
  0x07, 0x14, 0xb6, 0x84, 0x33, 0x65, 0xb6, 0x00, 0x65, 0xc1, 0xae, 0x87,
  0x32, 0x85, 0x01, 0x49, 0x29, 0xbd, 0x63, 0x03, 0x07, 0x12, 0x33, 0x08,
  0xc5, 0x40, 0xb3, 0x38, 0x05, 0x01, 0x33, 0x87, 0xb7, 0x40, 0x33, 0x07,
  0x17, 0x41, 0x93, 0x18, 0x87, 0x00, 0x63, 0xda, 0x08, 0x00, 0x33, 0x05,
  0xa6, 0x40, 0x33, 0x37, 0xa6, 0x00, 0x9d, 0x8d, 0x2a, 0x86, 0x99, 0x8d,
  0xd9, 0xb7, 0x33, 0x65, 0xe8, 0x00, 0x63, 0x0c, 0x05, 0x10, 0xba, 0x85,
  0x42, 0x86, 0x6d, 0xbf, 0x63, 0x19, 0x08, 0x00, 0xb6, 0x84, 0x75, 0xe7,
  0x81, 0x44, 0xb7, 0x07, 0x40, 0x00, 0x01, 0x45, 0xdd, 0xa0, 0x1a, 0x89,
  0xe3, 0x0f, 0x07, 0xba, 0x79, 0xbb, 0x33, 0x07, 0xc5, 0x40, 0x33, 0x38,
  0xe5, 0x00, 0x33, 0x84, 0xb7, 0x40, 0x33, 0x04, 0x04, 0x41, 0x13, 0x18,
  0x84, 0x00, 0xba, 0x89, 0x63, 0x52, 0x08, 0x06, 0xb3, 0x09, 0xa6, 0x40,
  0x33, 0x84, 0xf5, 0x40, 0x33, 0x36, 0x36, 0x01, 0x11, 0x8c, 0xb6, 0x84,
  0x39, 0xcc, 0x22, 0x85, 0x89, 0x24, 0x13, 0x06, 0x85, 0xff, 0x93, 0x06,
  0x00, 0x02, 0x91, 0x8e, 0x33, 0x14, 0xc4, 0x00, 0xb3, 0xd6, 0xd9, 0x00,
  0xc1, 0x8e, 0x33, 0x94, 0xc9, 0x00, 0x63, 0x4d, 0x26, 0x07, 0x33, 0x06,
  0x26, 0x41, 0x93, 0x05, 0x16, 0x00, 0xfd, 0x47, 0x13, 0x07, 0x00, 0x02,
  0x63, 0xc3, 0xb7, 0x04, 0x0d, 0x8f, 0x33, 0x96, 0xe6, 0x00, 0xb3, 0x57,
  0xb4, 0x00, 0x33, 0x17, 0xe4, 0x00, 0x5d, 0x8e, 0x33, 0x37, 0xe0, 0x00,
  0x59, 0x8e, 0xb3, 0xd5, 0xb6, 0x00, 0x1d, 0xb7, 0x33, 0x65, 0x87, 0x00,
  0x55, 0xf5, 0x81, 0x44, 0x81, 0x47, 0x01, 0x49, 0x0d, 0xbe, 0x4e, 0x85,
  0xdd, 0x22, 0x13, 0x06, 0x85, 0x01, 0xfd, 0x47, 0xe3, 0xd1, 0xc7, 0xfa,
  0x93, 0x06, 0x85, 0xff, 0xb3, 0x96, 0xd9, 0x00, 0x6d, 0xb7, 0x05, 0x16,
  0x33, 0xd6, 0xc6, 0x00, 0x81, 0x47, 0x63, 0x87, 0xe5, 0x00, 0x93, 0x07,
  0x00, 0x04, 0x8d, 0x8f, 0xb3, 0x97, 0xf6, 0x00, 0xc1, 0x8f, 0xb3, 0x37,
  0xf0, 0x00, 0x5d, 0x8e, 0x81, 0x45, 0xf9, 0xbd, 0xb7, 0x07, 0x80, 0xff,
  0xfd, 0x17, 0x33, 0x09, 0xc9, 0x40, 0xf5, 0x8f, 0x22, 0x85, 0xd5, 0xb9,
  0xbe, 0x85, 0x2a, 0x86, 0xe1, 0xb5, 0xae, 0x87, 0x32, 0x85, 0x1a, 0x89,
  0xe9, 0xbc, 0x3a, 0x89, 0x81, 0x47, 0x7d, 0xb9, 0xb6, 0x84, 0xae, 0x87,
  0x32, 0x85, 0x46, 0x89, 0xe9, 0xb4, 0x81, 0x44, 0xc5, 0xbf, 0x81, 0x44,
  0x81, 0x47, 0xc1, 0xb4, 0x13, 0xd7, 0x45, 0x01, 0xb7, 0x06, 0x10, 0x00,
  0x93, 0x87, 0xf6, 0xff, 0x13, 0x77, 0xf7, 0x7f, 0x13, 0x06, 0xe0, 0x3f,
  0xed, 0x8f, 0xfd, 0x81, 0x63, 0x54, 0xe6, 0x04, 0x13, 0x06, 0xd0, 0x41,
  0x63, 0x57, 0xe6, 0x00, 0x37, 0x05, 0x00, 0x80, 0x7d, 0x15, 0x2e, 0x95,
  0x82, 0x80, 0xd5, 0x8f, 0x93, 0x06, 0x30, 0x43, 0x99, 0x8e, 0x7d, 0x46,
  0x63, 0x4d, 0xd6, 0x00, 0x13, 0x07, 0xd7, 0xbe, 0xb3, 0x97, 0xe7, 0x00,
  0x33, 0x55, 0xd5, 0x00, 0x5d, 0x8d, 0x81, 0xcd, 0x33, 0x05, 0xa0, 0x40,
  0x82, 0x80, 0x93, 0x06, 0x30, 0x41, 0x33, 0x87, 0xe6, 0x40, 0x33, 0xd5,
  0xe7, 0x00, 0xf5, 0xb7, 0x01, 0x45, 0x82, 0x80, 0x13, 0xd7, 0x45, 0x01,
  0x37, 0x08, 0x10, 0x00, 0x93, 0x07, 0xf8, 0xff, 0x13, 0x77, 0xf7, 0x7f,
  0x13, 0x06, 0xe0, 0x3f, 0xed, 0x8f, 0xaa, 0x86, 0xfd, 0x81, 0x63, 0x52,
  0xe6, 0x04, 0x13, 0x06, 0xf0, 0x41, 0x0d, 0x8e, 0x13, 0x85, 0xf5, 0xff,
  0x63, 0x5c, 0xc7, 0x02, 0x01, 0x45, 0x8d, 0xe9, 0x13, 0x06, 0x30, 0x43,
  0x19, 0x8e, 0xfd, 0x45, 0xb3, 0xe7, 0x07, 0x01, 0x63, 0xca, 0xc5, 0x00,
  0x13, 0x07, 0xd7, 0xbe, 0xb3, 0x97, 0xe7, 0x00, 0x33, 0xd5, 0xc6, 0x00,
  0x5d, 0x8d, 0x82, 0x80, 0x93, 0x06, 0x30, 0x41, 0x33, 0x87, 0xe6, 0x40,
  0x33, 0xd5, 0xe7, 0x00, 0x82, 0x80, 0x01, 0x45, 0x82, 0x80, 0x41, 0x11,
  0x06, 0xc6, 0x22, 0xc4, 0x26, 0xc2, 0xaa, 0x87, 0x31, 0xc9, 0x13, 0x57,
  0xf5, 0x41, 0x33, 0x44, 0xa7, 0x00, 0x19, 0x8c, 0x93, 0x54, 0xf5, 0x01,
  0x22, 0x85, 0x51, 0x28, 0x93, 0x07, 0xe0, 0x41, 0x29, 0x47, 0x89, 0x8f,
  0x63, 0x47, 0xa7, 0x02, 0x2d, 0x47, 0x09, 0x8f, 0x55, 0x05, 0x33, 0x57,
  0xe4, 0x00, 0x33, 0x14, 0xa4, 0x00, 0x32, 0x07, 0xb2, 0x40, 0x31, 0x83,
  0x22, 0x85, 0xd2, 0x07, 0x22, 0x44, 0xfe, 0x04, 0xd9, 0x8f, 0x33, 0xe7,
  0x97, 0x00, 0xba, 0x85, 0x92, 0x44, 0x41, 0x01, 0x82, 0x80, 0x55, 0x15,
  0x33, 0x17, 0xa4, 0x00, 0x01, 0x44, 0xf1, 0xbf, 0x81, 0x44, 0x01, 0x47,
  0xe5, 0xbf, 0x41, 0x11, 0x22, 0xc4, 0x06, 0xc6, 0x2a, 0x84, 0x1d, 0xcd,
  0x89, 0x20, 0x13, 0x07, 0xe0, 0x41, 0xa9, 0x47, 0x09, 0x8f, 0x63, 0xc4,
  0xa7, 0x02, 0xad, 0x47, 0x89, 0x8f, 0x55, 0x05, 0xb3, 0x57, 0xf4, 0x00,
  0x33, 0x14, 0xa4, 0x00, 0xb2, 0x40, 0x22, 0x85, 0xb2, 0x07, 0x22, 0x44,
  0x52, 0x07, 0xb1, 0x83, 0xb3, 0x66, 0xf7, 0x00, 0xb6, 0x85, 0x41, 0x01,
  0x82, 0x80, 0x55, 0x15, 0xb3, 0x17, 0xa4, 0x00, 0x01, 0x44, 0xcd, 0xb7,
  0x81, 0x47, 0x01, 0x47, 0xf1, 0xbf, 0xc1, 0x67, 0x63, 0x76, 0xf5, 0x02,
  0x93, 0x37, 0x05, 0x10, 0x93, 0xb7, 0x17, 0x00, 0x8e, 0x07, 0x13, 0x07,
  0x00, 0x02, 0x1d, 0x8f, 0x33, 0x55, 0xf5, 0x00, 0x97, 0x07, 0x00, 0x00,
  0x93, 0x87, 0x87, 0x4b, 0xaa, 0x97, 0x03, 0xc5, 0x07, 0x00, 0x33, 0x05,
  0xa7, 0x40, 0x82, 0x80, 0x37, 0x07, 0x00, 0x01, 0xe1, 0x47, 0xe3, 0x7e,
  0xe5, 0xfc, 0xc1, 0x47, 0xd9, 0xbf, 0x00, 0x00, 0x93, 0x36, 0x46, 0x00,
  0xaa, 0x82, 0x33, 0x03, 0xc5, 0x00, 0xa5, 0xee, 0xb3, 0x46, 0xb5, 0x00,
  0x8d, 0x8a, 0xa5, 0xea, 0x93, 0x76, 0x35, 0x00, 0x91, 0x43, 0xbd, 0xee,
  0x93, 0x73, 0xc3, 0xff, 0x13, 0x83, 0x03, 0xfe, 0x63, 0x62, 0xa3, 0x04,
  0x7d, 0x8a, 0x01, 0x00, 0x98, 0x41, 0xdc, 0x41, 0x18, 0xc1, 0x5c, 0xc1,
  0x03, 0xa8, 0x85, 0x00, 0x83, 0xa8, 0xc5, 0x00, 0x23, 0x24, 0x05, 0x01,
  0x23, 0x26, 0x15, 0x01, 0x98, 0x49, 0xdc, 0x49, 0x18, 0xc9, 0x5c, 0xc9,
  0x03, 0xa8, 0x85, 0x01, 0x83, 0xa8, 0xc5, 0x01, 0x93, 0x85, 0x05, 0x02,
  0x23, 0x2c, 0x05, 0x01, 0x23, 0x2e, 0x15, 0x01, 0x13, 0x05, 0x05, 0x02,
  0xe3, 0x74, 0xa3, 0xfc, 0x13, 0x83, 0xc3, 0xff, 0x63, 0x69, 0xa3, 0x00,
  0x0d, 0x8a, 0x98, 0x41, 0x91, 0x05, 0x18, 0xc1, 0x11, 0x05, 0xe3, 0x7c,
  0xa3, 0xfe, 0x33, 0x03, 0xc5, 0x00, 0x09, 0xca, 0x03, 0x87, 0x05, 0x00,
  0x85, 0x05, 0x23, 0x00, 0xe5, 0x00, 0x05, 0x05, 0xe3, 0x6a, 0x65, 0xfe,
  0x16, 0x85, 0x82, 0x80, 0xb3, 0x86, 0xd3, 0x40, 0xb6, 0x83, 0x03, 0x87,
  0x05, 0x00, 0x85, 0x05, 0xfd, 0x16, 0x23, 0x00, 0xe5, 0x00, 0x05, 0x05,
  0xed, 0xfa, 0x33, 0x06, 0x76, 0x40, 0x93, 0x36, 0x26, 0x00, 0xf1, 0xf6,
  0x95, 0xb7, 0x00, 0x00, 0x3d, 0x43, 0x2a, 0x87, 0x63, 0x75, 0xc3, 0x02,
  0x93, 0x77, 0xf7, 0x00, 0xc9, 0xe3, 0x63, 0x97, 0x05, 0x06, 0x93, 0x76,
  0x06, 0xff, 0x3d, 0x8a, 0xba, 0x96, 0x0c, 0xc3, 0x4c, 0xc3, 0x0c, 0xc7,
  0x4c, 0xc7, 0x41, 0x07, 0xe3, 0x6b, 0xd7, 0xfe, 0x63, 0x13, 0x06, 0x00,
  0x82, 0x80, 0xb3, 0x06, 0xc3, 0x40, 0x8a, 0x06, 0x97, 0x02, 0x00, 0x00,
  0x96, 0x96, 0x67, 0x80, 0xa6, 0x00, 0x23, 0x07, 0xb7, 0x00, 0xa3, 0x06,
  0xb7, 0x00, 0x23, 0x06, 0xb7, 0x00, 0xa3, 0x05, 0xb7, 0x00, 0x23, 0x05,
  0xb7, 0x00, 0xa3, 0x04, 0xb7, 0x00, 0x23, 0x04, 0xb7, 0x00, 0xa3, 0x03,
  0xb7, 0x00, 0x23, 0x03, 0xb7, 0x00, 0xa3, 0x02, 0xb7, 0x00, 0x23, 0x02,
  0xb7, 0x00, 0xa3, 0x01, 0xb7, 0x00, 0x23, 0x01, 0xb7, 0x00, 0xa3, 0x00,
  0xb7, 0x00, 0x23, 0x00, 0xb7, 0x00, 0x82, 0x80, 0x93, 0xf5, 0xf5, 0x0f,
  0x93, 0x96, 0x85, 0x00, 0xd5, 0x8d, 0x93, 0x96, 0x05, 0x01, 0xd5, 0x8d,
  0x59, 0xb7, 0x93, 0x96, 0x27, 0x00, 0x97, 0x02, 0x00, 0x00, 0x96, 0x96,
  0x86, 0x82, 0xe7, 0x80, 0x86, 0xfa, 0x96, 0x80, 0xc1, 0x17, 0x1d, 0x8f,
  0x3e, 0x96, 0xe3, 0x74, 0xc3, 0xf8, 0x95, 0xb7, 0x00, 0x00, 0x00, 0x00,
  0x00, 0x00, 0x00, 0x00, 0x00, 0x00, 0x00, 0x00, 0x00, 0x00, 0x00, 0x00,
  0x66, 0x6e, 0x69, 0x2b, 0x00, 0x00, 0x00, 0x00, 0x66, 0x6e, 0x69, 0x00,
  0x6e, 0x61, 0x6e, 0x00, 0x66, 0x6e, 0x69, 0x2d, 0x00, 0x00, 0x00, 0x00,
  0x3c, 0x6d, 0x65, 0x6d, 0x20, 0x73, 0x70, 0x61, 0x63, 0x65, 0x20, 0x77,
  0x61, 0x72, 0x6e, 0x69, 0x6e, 0x67, 0x3e, 0x20, 0x70, 0x65, 0x61, 0x6b,
  0x20, 0x76, 0x61, 0x6c, 0x75, 0x65, 0x20, 0x25, 0x64, 0x20, 0x0a, 0x00,
  0x41, 0x6c, 0x6c, 0x6f, 0x63, 0x61, 0x74, 0x69, 0x6f, 0x6e, 0x20, 0x66,
  0x61, 0x69, 0x6c, 0x65, 0x64, 0x2c, 0x20, 0x73, 0x69, 0x7a, 0x65, 0x20,
  0x25, 0x6c, 0x6c, 0x75, 0x0a, 0x00, 0x00, 0x00, 0x43, 0x50, 0x55, 0x20,
  0x45, 0x78, 0x63, 0x65, 0x70, 0x74, 0x69, 0x6f, 0x6e, 0x28, 0x6d, 0x63,
  0x61, 0x75, 0x73, 0x65, 0x29, 0x3b, 0x3a, 0x20, 0x4e, 0x4f, 0x2e, 0x30,
  0x78, 0x25, 0x6c, 0x78, 0x00, 0x00, 0x00, 0x00, 0x0a, 0x00, 0x00, 0x00,
  0x78, 0x25, 0x64, 0x3a, 0x20, 0x25, 0x70, 0x09, 0x00, 0x00, 0x00, 0x00,
  0x6d, 0x65, 0x70, 0x63, 0x20, 0x20, 0x20, 0x3a, 0x20, 0x25, 0x70, 0x0a,
  0x00, 0x00, 0x00, 0x00, 0x6d, 0x73, 0x74, 0x61, 0x74, 0x75, 0x73, 0x3a,
  0x20, 0x25, 0x70, 0x0a, 0x00, 0x00, 0x00, 0x00, 0x75, 0x6e, 0x64, 0x65,
  0x66, 0x69, 0x6e, 0x65, 0x64, 0x20, 0x69, 0x6e, 0x74, 0x65, 0x72, 0x72,
  0x75, 0x70, 0x74, 0x3a, 0x20, 0x69, 0x72, 0x71, 0x6e, 0x20, 0x3d, 0x20,
  0x30, 0x78, 0x25, 0x78, 0x0a, 0x00, 0x00, 0x00, 0x75, 0x6e, 0x64, 0x65,
  0x66, 0x69, 0x6e, 0x65, 0x64, 0x20, 0x69, 0x6e, 0x74, 0x65, 0x72, 0x72,
  0x75, 0x70, 0x74, 0x32, 0x3a, 0x20, 0x69, 0x72, 0x71, 0x6e, 0x20, 0x3d,
  0x20, 0x30, 0x78, 0x25, 0x78, 0x0a, 0x00, 0x00, 0x6e, 0x75, 0x6c, 0x6c,
  0x20, 0x69, 0x72, 0x71, 0x5f, 0x68, 0x61, 0x6e, 0x64, 0x6c, 0x65, 0x72,
  0x3a, 0x20, 0x69, 0x72, 0x71, 0x6e, 0x20, 0x3d, 0x20, 0x30, 0x78, 0x25,
  0x78, 0x0a, 0x00, 0x00, 0x73, 0x74, 0x61, 0x72, 0x74, 0x20, 0x74, 0x6f,
  0x20, 0x72, 0x75, 0x6e, 0x20, 0x69, 0x6e, 0x20, 0x69, 0x74, 0x63, 0x6d,
  0x2e, 0x0a, 0x00, 0x00, 0x6d, 0x61, 0x6c, 0x6c, 0x6f, 0x63, 0x20, 0x66,
  0x61, 0x69, 0x6c, 0x65, 0x64, 0x2e, 0x0a, 0x00, 0x6d, 0x61, 0x6c, 0x6c,
  0x6f, 0x63, 0x20, 0x31, 0x30, 0x30, 0x42, 0x20, 0x73, 0x75, 0x63, 0x63,
  0x65, 0x73, 0x73, 0x2e, 0x0a, 0x00, 0x00, 0x00, 0x72, 0x75, 0x6e, 0x20,
  0x69, 0x6e, 0x20, 0x69, 0x74, 0x63, 0x6d, 0x20, 0x73, 0x75, 0x63, 0x63,
  0x65, 0x73, 0x73, 0x2e, 0x0a, 0x00, 0x00, 0x00, 0xaa, 0xcf, 0xff, 0xff,
  0x76, 0xcd, 0xff, 0xff, 0x76, 0xcd, 0xff, 0xff, 0x76, 0xcd, 0xff, 0xff,
  0x76, 0xcd, 0xff, 0xff, 0x76, 0xcd, 0xff, 0xff, 0x76, 0xcd, 0xff, 0xff,
  0x76, 0xcd, 0xff, 0xff, 0x76, 0xcd, 0xff, 0xff, 0x76, 0xcd, 0xff, 0xff,
  0xaa, 0xcf, 0xff, 0xff, 0xea, 0xd0, 0xff, 0xff, 0xaa, 0xcf, 0xff, 0xff,
  0xb6, 0xd0, 0xff, 0xff, 0x94, 0xd0, 0xff, 0xff, 0xb6, 0xd0, 0xff, 0xff,
  0x00, 0x00, 0x00, 0x00, 0x00, 0x00, 0xf0, 0x3f, 0x00, 0x00, 0x00, 0x00,
  0x00, 0x00, 0x24, 0x40, 0x00, 0x00, 0x00, 0x00, 0x00, 0x00, 0x59, 0x40,
  0x00, 0x00, 0x00, 0x00, 0x00, 0x40, 0x8f, 0x40, 0x00, 0x00, 0x00, 0x00,
  0x00, 0x88, 0xc3, 0x40, 0x00, 0x00, 0x00, 0x00, 0x00, 0x6a, 0xf8, 0x40,
  0x00, 0x00, 0x00, 0x00, 0x80, 0x84, 0x2e, 0x41, 0x00, 0x00, 0x00, 0x00,
  0xd0, 0x12, 0x63, 0x41, 0x00, 0x00, 0x00, 0x00, 0x84, 0xd7, 0x97, 0x41,
  0x00, 0x00, 0x00, 0x00, 0x65, 0xcd, 0xcd, 0x41, 0xff, 0xff, 0xff, 0xff,
  0xff, 0xff, 0xef, 0x7f, 0xff, 0xff, 0xff, 0xff, 0xff, 0xff, 0xef, 0xff,
  0xfb, 0x79, 0x9f, 0x50, 0x13, 0x44, 0xd3, 0x3f, 0xb3, 0xc8, 0x60, 0x8b,
  0x28, 0x8a, 0xc6, 0x3f, 0x00, 0x00, 0x00, 0x00, 0x00, 0x00, 0xf8, 0x3f,
  0x61, 0x43, 0x6f, 0x63, 0xa7, 0x87, 0xd2, 0x3f, 0x71, 0xa3, 0x79, 0x09,
  0x4f, 0x93, 0x0a, 0x40, 0x00, 0x00, 0x00, 0x00, 0x00, 0x00, 0xe0, 0x3f,
  0x16, 0x55, 0xb5, 0xbb, 0xb1, 0x6b, 0x02, 0x40, 0xef, 0x39, 0xfa, 0xfe,
  0x42, 0x2e, 0xe6, 0x3f, 0x00, 0x00, 0x00, 0x00, 0x00, 0x00, 0x2c, 0x40,
  0x00, 0x00, 0x00, 0x00, 0x00, 0x00, 0x24, 0x40, 0x00, 0x00, 0x00, 0x00,
  0x00, 0x00, 0x18, 0x40, 0x00, 0x00, 0x00, 0x00, 0x00, 0x00, 0x00, 0x40,
  0x00, 0x00, 0x00, 0x00, 0x00, 0x00, 0xf0, 0x3f, 0x2d, 0x43, 0x1c, 0xeb,
  0xe2, 0x36, 0x1a, 0x3f, 0x00, 0x00, 0x00, 0x00, 0x80, 0x84, 0x2e, 0x41,
  0x00, 0x00, 0x00, 0x00, 0x65, 0xcd, 0xcd, 0x41, 0x00, 0x00, 0x00, 0x00,
  0x65, 0xcd, 0xcd, 0xc1, 0x00, 0x50, 0x01, 0x40, 0x10, 0x00, 0x00, 0x00,
  0x01, 0x00, 0x00, 0x00, 0x00, 0x10, 0x01, 0x40, 0x12, 0x00, 0x00, 0x00,
  0x09, 0x00, 0x00, 0x00, 0x14, 0x10, 0x01, 0x40, 0x13, 0x00, 0x01, 0x00,
  0x09, 0x00, 0x00, 0x00, 0x28, 0x10, 0x01, 0x40, 0x14, 0x00, 0x02, 0x00,
  0x09, 0x00, 0x00, 0x00, 0x3c, 0x10, 0x01, 0x40, 0x15, 0x00, 0x03, 0x00,
  0x09, 0x00, 0x00, 0x00, 0x00, 0x00, 0x00, 0x00, 0x00, 0x00, 0x00, 0x00,
  0x00, 0x00, 0x00, 0x00, 0x18, 0xee, 0xff, 0xff, 0x6c, 0xed, 0xff, 0xff,
  0x56, 0xed, 0xff, 0xff, 0x6c, 0xed, 0xff, 0xff, 0x0a, 0xee, 0xff, 0xff,
  0x6c, 0xed, 0xff, 0xff, 0x56, 0xed, 0xff, 0xff, 0x18, 0xee, 0xff, 0xff,
  0x18, 0xee, 0xff, 0xff, 0x0a, 0xee, 0xff, 0xff, 0x56, 0xed, 0xff, 0xff,
  0x72, 0xed, 0xff, 0xff, 0x72, 0xed, 0xff, 0xff, 0x72, 0xed, 0xff, 0xff,
  0x0a, 0xee, 0xff, 0xff, 0x00, 0x01, 0x02, 0x02, 0x03, 0x03, 0x03, 0x03,
  0x04, 0x04, 0x04, 0x04, 0x04, 0x04, 0x04, 0x04, 0x05, 0x05, 0x05, 0x05,
  0x05, 0x05, 0x05, 0x05, 0x05, 0x05, 0x05, 0x05, 0x05, 0x05, 0x05, 0x05,
  0x06, 0x06, 0x06, 0x06, 0x06, 0x06, 0x06, 0x06, 0x06, 0x06, 0x06, 0x06,
  0x06, 0x06, 0x06, 0x06, 0x06, 0x06, 0x06, 0x06, 0x06, 0x06, 0x06, 0x06,
  0x06, 0x06, 0x06, 0x06, 0x06, 0x06, 0x06, 0x06, 0x07, 0x07, 0x07, 0x07,
  0x07, 0x07, 0x07, 0x07, 0x07, 0x07, 0x07, 0x07, 0x07, 0x07, 0x07, 0x07,
  0x07, 0x07, 0x07, 0x07, 0x07, 0x07, 0x07, 0x07, 0x07, 0x07, 0x07, 0x07,
  0x07, 0x07, 0x07, 0x07, 0x07, 0x07, 0x07, 0x07, 0x07, 0x07, 0x07, 0x07,
  0x07, 0x07, 0x07, 0x07, 0x07, 0x07, 0x07, 0x07, 0x07, 0x07, 0x07, 0x07,
  0x07, 0x07, 0x07, 0x07, 0x07, 0x07, 0x07, 0x07, 0x07, 0x07, 0x07, 0x07,
  0x08, 0x08, 0x08, 0x08, 0x08, 0x08, 0x08, 0x08, 0x08, 0x08, 0x08, 0x08,
  0x08, 0x08, 0x08, 0x08, 0x08, 0x08, 0x08, 0x08, 0x08, 0x08, 0x08, 0x08,
  0x08, 0x08, 0x08, 0x08, 0x08, 0x08, 0x08, 0x08, 0x08, 0x08, 0x08, 0x08,
  0x08, 0x08, 0x08, 0x08, 0x08, 0x08, 0x08, 0x08, 0x08, 0x08, 0x08, 0x08,
  0x08, 0x08, 0x08, 0x08, 0x08, 0x08, 0x08, 0x08, 0x08, 0x08, 0x08, 0x08,
  0x08, 0x08, 0x08, 0x08, 0x08, 0x08, 0x08, 0x08, 0x08, 0x08, 0x08, 0x08,
  0x08, 0x08, 0x08, 0x08, 0x08, 0x08, 0x08, 0x08, 0x08, 0x08, 0x08, 0x08,
  0x08, 0x08, 0x08, 0x08, 0x08, 0x08, 0x08, 0x08, 0x08, 0x08, 0x08, 0x08,
  0x08, 0x08, 0x08, 0x08, 0x08, 0x08, 0x08, 0x08, 0x08, 0x08, 0x08, 0x08,
  0x08, 0x08, 0x08, 0x08, 0x08, 0x08, 0x08, 0x08, 0x08, 0x08, 0x08, 0x08,
  0x08, 0x08, 0x08, 0x08, 0x08, 0x08, 0x08, 0x08, 0x00, 0x00, 0x02, 0x20,
  0x00, 0x33, 0x00, 0x20, 0x00, 0x2d, 0x31, 0x01
};
unsigned int yoc_bin_len = 17960;
